Date,Adj Close
2000-01-03,16.448257
2000-01-04,17.765039
2000-01-05,18.461018
2000-01-06,19.235373
2000-01-07,20.555416
2000-01-10,20.160082
2000-01-11,18.853092
2000-01-12,19.715717
2000-01-13,20.378981
2000-01-14,20.669798
2000-01-17,20.176401
2000-01-18,20.53257
2000-01-19,20.885437
2000-01-20,20.444334
2000-01-21,21.32654
2000-01-24,21.313484
2000-01-25,20.908319
2000-01-26,
2000-01-27,21.888557
2000-01-28,22.110716
2000-01-31,21.444191
2000-02-01,21.829733
2000-02-02,22.228374
2000-02-03,22.326397
2000-02-04,22.489738
2000-02-07,22.453796
2000-02-08,22.375387
2000-02-09,22.898201
2000-02-10,23.247808
2000-02-11,23.741167
2000-02-14,23.009281
2000-02-15,22.502832
2000-02-16,22.751144
2000-02-17,23.169399
2000-02-18,22.836115
2000-02-21,22.587761
2000-02-22,21.849354
2000-02-23,21.55201
2000-02-24,22.006165
2000-02-25,21.473602
2000-02-28,21.767643
2000-02-29,20.313633
2000-03-01,20.702477
2000-03-02,19.065466
2000-03-03,17.542877
2000-03-06,16.59532
2000-03-07,15.833983
2000-03-08,15.222976
2000-03-09,15.115154
2000-03-10,14.170859
2000-03-13,13.278866
2000-03-14,14.32445
2000-03-15,15.471287
2000-03-16,15.34715
2000-03-17,
2000-03-20,
2000-03-21,15.546468
2000-03-22,15.905863
2000-03-23,15.745788
2000-03-24,15.722902
2000-03-27,16.980862
2000-03-28,18.340107
2000-03-29,17.729097
2000-03-30,19.147173
2000-03-31,20.67959
2000-04-03,21.473602
2000-04-04,19.758184
2000-04-05,19.751659
2000-04-06,23.28653
2000-04-07,25.150013
2000-04-10,26.028221
2000-04-11,25.25712
2000-04-12,24.12904
2000-04-13,22.201248
2000-04-14,
2000-04-17,21.305206
2000-04-18,21.423056
2000-04-19,22.479727
2000-04-20,24.114735
2000-04-21,
2000-04-24,24.057642
2000-04-25,23.707769
2000-04-26,25.556982
2000-04-27,24.67877
2000-04-28,24.635941
2000-05-01,
2000-05-02,23.500736
2000-05-03,23.418596
2000-05-04,24.07547
2000-05-05,23.943359
2000-05-08,23.13303
2000-05-09,23.4436
2000-05-10,23.222263
2000-05-11,22.615391
2000-05-12,22.554691
2000-05-15,22.811726
2000-05-16,22.661795
2000-05-17,22.765329
2000-05-18,22.140593
2000-05-19,22.533249
2000-05-22,22.308353
2000-05-23,22.472593
2000-05-24,22.32979
2000-05-25,22.333357
2000-05-26,22.593952
2000-05-29,24.236097
2000-05-30,24.546713
2000-05-31,24.553841
2000-06-01,24.218273
2000-06-02,24.093342
2000-06-05,24.218273
2000-06-06,24.189703
2000-06-07,24.12904
2000-06-08,24.336073
2000-06-09,24.361073
2000-06-12,24.232536
2000-06-13,24.168308
2000-06-14,24.086166
2000-06-15,23.664934
2000-06-16,23.722075
2000-06-19,23.657804
2000-06-20,23.582836
2000-06-21,23.500736
2000-06-22,24.632374
2000-06-23,24.114735
2000-06-26,23.643492
2000-06-27,23.882702
2000-06-28,23.829128
2000-06-29,24.436041
2000-06-30,24.332502
2000-07-03,24.857273
2000-07-04,24.660946
2000-07-05,25.285686
2000-07-06,25.871153
2000-07-07,25.789013
2000-07-10,26.310217
2000-07-11,26.842165
2000-07-12,26.420885
2000-07-13,26.113886
2000-07-14,25.789013
2000-07-17,25.938948
2000-07-18,25.571249
2000-07-19,25.282118
2000-07-20,25.531975
2000-07-21,24.553841
2000-07-24,23.311489
2000-07-25,23.839872
2000-07-26,23.247265
2000-07-27,24.564535
2000-07-28,24.307501
2000-07-31,24.046904
2000-08-01,24.168308
2000-08-02,24.20401
2000-08-03,24.107605
2000-08-04,23.568529
2000-08-07,23.579266
2000-08-08,23.622101
2000-08-09,23.825563
2000-08-10,23.529261
2000-08-11,23.50787
2000-08-14,23.514997
2000-08-15,
2000-08-16,24.089777
2000-08-17,24.114735
2000-08-18,24.057642
2000-08-21,24.025505
2000-08-22,24.154005
2000-08-23,24.24328
2000-08-24,23.961235
2000-08-25,23.818432
2000-08-28,23.71846
2000-08-29,23.589964
2000-08-30,24.054028
2000-08-31,24.029068
2000-09-01,
2000-09-04,25.267813
2000-09-05,25.399914
2000-09-06,25.960384
2000-09-07,25.835461
2000-09-08,26.48159
2000-09-11,27.356236
2000-09-12,27.377628
2000-09-13,26.810022
2000-09-14,26.824286
2000-09-15,26.128151
2000-09-18,24.718082
2000-09-19,24.104036
2000-09-20,24.810875
2000-09-21,24.839445
2000-09-22,24.157568
2000-09-25,24.414604
2000-09-26,24.368204
2000-09-27,25.125004
2000-09-28,24.6752
2000-09-29,24.453867
2000-10-02,
2000-10-03,24.500309
2000-10-04,24.750174
2000-10-05,24.286108
2000-10-06,24.303934
2000-10-09,24.307501
2000-10-10,23.932665
2000-10-11,23.582836
2000-10-12,23.3722
2000-10-13,22.726067
2000-10-16,22.154848
2000-10-17,21.558676
2000-10-18,21.301647
2000-10-19,21.644348
2000-10-20,21.283815
2000-10-23,20.409172
2000-10-24,20.898241
2000-10-25,21.780018
2000-10-26,21.81572
2000-10-27,21.630079
2000-10-30,21.490845
2000-10-31,21.572943
2000-11-01,22.029919
2000-11-02,22.540432
2000-11-03,22.536861
2000-11-06,22.326225
2000-11-07,22.361929
2000-11-08,22.736763
2000-11-09,22.786726
2000-11-10,22.215555
2000-11-13,21.59082
2000-11-14,22.208426
2000-11-15,22.354792
2000-11-16,22.251261
2000-11-17,22.194117
2000-11-20,22.147717
2000-11-21,22.069185
2000-11-22,22.001354
2000-11-23,22.215555
2000-11-24,22.37262
2000-11-27,22.754587
2000-11-28,23.525696
2000-11-29,23.3615
2000-11-30,23.429333
2000-12-01,23.425772
2000-12-04,23.747028
2000-12-05,24.18257
2000-12-06,24.079031
2000-12-07,24.100477
2000-12-08,24.232536
2000-12-11,24.700211
2000-12-12,24.582413
2000-12-13,24.803743
2000-12-14,24.725212
2000-12-15,24.12904
2000-12-18,24.368204
2000-12-19,24.232536
2000-12-20,24.407471
2000-12-21,24.439611
2000-12-22,24.146873
2000-12-25,
2000-12-26,23.418596
2000-12-27,23.779167
2000-12-28,24.189703
2000-12-29,24.200445
2001-01-01,24.400343
2001-01-02,25.296379
2001-01-03,25.706917
2001-01-04,25.546288
2001-01-05,26.010351
2001-01-08,25.717611
2001-01-09,25.556982
2001-01-10,25.110746
2001-01-11,25.403486
2001-01-12,25.314255
2001-01-15,25.38566
2001-01-16,26.303087
2001-01-17,25.849716
2001-01-18,26.042484
2001-01-19,26.353094
2001-01-22,26.738625
2001-01-23,27.249134
2001-01-24,27.156298
2001-01-25,27.252699
2001-01-26,
2001-01-29,26.96353
2001-01-30,27.820299
2001-01-31,27.459776
2001-02-01,27.570438
2001-02-02,28.166611
2001-02-05,28.498568
2001-02-06,28.405775
2001-02-07,28.091599
2001-02-08,28.270102
2001-02-09,28.48074
2001-02-12,28.598537
2001-02-13,29.276848
2001-02-14,29.669518
2001-02-15,30.180016
2001-02-16,30.162201
2001-02-19,30.369219
2001-02-20,30.187151
2001-02-21,29.565977
2001-02-22,29.605249
2001-02-23,29.366077
2001-02-26,29.005505
2001-02-27,28.709198
2001-02-28,29.565977
2001-03-01,31.286697
2001-03-02,29.922987
2001-03-05,29.176888
2001-03-06,
2001-03-07,29.416039
2001-03-08,29.516016
2001-03-09,29.237541
2001-03-12,29.13048
2001-03-13,27.709629
2001-03-14,28.516438
2001-03-15,28.36294
2001-03-16,27.416899
2001-03-19,27.30979
2001-03-20,26.656525
2001-03-21,28.652113
2001-03-22,28.088079
2001-03-23,27.099197
2001-03-26,27.431202
2001-03-27,27.895267
2001-03-28,28.702074
2001-03-29,28.305803
2001-03-30,27.813168
2001-04-02,27.920273
2001-04-03,27.906012
2001-04-04,27.352667
2001-04-05,
2001-04-06,27.327665
2001-04-09,25.507021
2001-04-10,23.461472
2001-04-11,23.15086
2001-04-12,21.230246
2001-04-13,
2001-04-16,22.001354
2001-04-17,22.504726
2001-04-18,23.3615
2001-04-19,26.399494
2001-04-20,25.62125
2001-04-23,25.282118
2001-04-24,24.950113
2001-04-25,25.606989
2001-04-26,27.415602
2001-04-27,26.681648
2001-04-30,26.461437
2001-05-01,
2001-05-02,26.446011
2001-05-03,26.573471
2001-05-04,26.554182
2001-05-07,26.337826
2001-05-08,26.739571
2001-05-09,27.176094
2001-05-10,27.438801
2001-05-11,27.454239
2001-05-14,27.798063
2001-05-15,28.647913
2001-05-16,28.350428
2001-05-17,29.555679
2001-05-18,28.960817
2001-05-21,29.099867
2001-05-22,29.161694
2001-05-23,29.439835
2001-05-24,30.355318
2001-05-25,30.405575
2001-05-28,30.811176
2001-05-29,31.166576
2001-05-30,30.251047
2001-05-31,30.308968
2001-06-01,29.378004
2001-06-04,28.953053
2001-06-05,28.814009
2001-06-06,28.242298
2001-06-07,28.13798
2001-06-08,28.616995
2001-06-11,28.640194
2001-06-12,28.589931
2001-06-13,29.003304
2001-06-14,28.11483
2001-06-15,27.628054
2001-06-18,26.314672
2001-06-19,26.797552
2001-06-20,26.643023
2001-06-21,26.353306
2001-06-22,26.453716
2001-06-25,26.380316
2001-06-26,26.793695
2001-06-27,27.666681
2001-06-28,27.991169
2001-06-29,28.470184
2001-07-02,27.709225
2001-07-03,25.44935
2001-07-04,25.202122
2001-07-05,25.630924
2001-07-06,25.163494
2001-07-09,25.279388
2001-07-10,25.781549
2001-07-11,26.005623
2001-07-12,26.283756
2001-07-13,26.577332
2001-07-16,25.650221
2001-07-17,25.727484
2001-07-18,25.244614
2001-07-19,25.039885
2001-07-20,24.251814
2001-07-23,24.18227
2001-07-24,24.286592
2001-07-25,24.004593
2001-07-26,23.552637
2001-07-27,23.645332
2001-07-30,24.170692
2001-07-31,24.634275
2001-08-01,24.375427
2001-08-02,24.553148
2001-08-03,24.506756
2001-08-06,24.970333
2001-08-07,25.430058
2001-08-08,25.375938
2001-08-09,25.943794
2001-08-10,26.252844
2001-08-13,25.229183
2001-08-14,24.804232
2001-08-15,
2001-08-16,25.256189
2001-08-17,24.533812
2001-08-20,24.557011
2001-08-21,24.638126
2001-08-22,
2001-08-23,24.491316
2001-08-24,24.348419
2001-08-27,24.359995
2001-08-28,24.170692
2001-08-29,24.599503
2001-08-30,24.653563
2001-08-31,24.039368
2001-09-03,24.159117
2001-09-04,24.286592
2001-09-05,24.039368
2001-09-06,24.074137
2001-09-07,23.772806
2001-09-10,23.498524
2001-09-11,23.568069
2001-09-12,23.015652
2001-09-13,22.428511
2001-09-14,20.187971
2001-09-17,20.292248
2001-09-18,19.558292
2001-09-19,19.07542
2001-09-20,18.534578
2001-09-21,16.738331
2001-09-24,17.085966
2001-09-25,15.961839
2001-09-26,17.549547
2001-09-27,18.673677
2001-09-28,20.442917
2001-10-01,20.05274
2001-10-02,
2001-10-03,19.052229
2001-10-04,19.272438
2001-10-05,19.365135
2001-10-08,19.496466
2001-10-09,19.554436
2001-10-10,19.944609
2001-10-11,20.504744
2001-10-12,20.632215
2001-10-15,21.138233
2001-10-16,21.138233
2001-10-17,21.984268
2001-10-18,21.319818
2001-10-19,21.362309
2001-10-22,21.07645
2001-10-23,21.238697
2001-10-24,20.547237
2001-10-25,20.388851
2001-10-26,
2001-10-29,20.122286
2001-10-30,19.511948
2001-10-31,19.654898
2001-11-01,20.14163
2001-11-02,20.315445
2001-11-05,20.203411
2001-11-06,20.28067
2001-11-07,20.018021
2001-11-08,20.14163
2001-11-09,20.400425
2001-11-12,20.566525
2001-11-13,20.740393
2001-11-14,21.107368
2001-11-15,21.482065
2001-11-16,
2001-11-19,23.583504
2001-11-20,22.486435
2001-11-21,22.745283
2001-11-22,22.552124
2001-11-23,22.552124
2001-11-26,23.069763
2001-11-27,22.652536
2001-11-28,22.447802
2001-11-29,22.401453
2001-11-30,
2001-12-03,22.44009
2001-12-04,23.062052
2001-12-05,24.205465
2001-12-06,23.946671
2001-12-07,24.105057
2001-12-10,24.340654
2001-12-11,23.985304
2001-12-12,24.02779
2001-12-13,24.02779
2001-12-14,23.973679
2001-12-17,
2001-12-18,23.884838
2001-12-19,23.850069
2001-12-20,23.973679
2001-12-21,23.977537
2001-12-24,24.004593
2001-12-25,
2001-12-26,23.703255
2001-12-27,23.351763
2001-12-28,23.324707
2001-12-31,23.65691
2002-01-01,23.564213
2002-01-02,23.456036
2002-01-03,22.903616
2002-01-04,24.804232
2002-01-07,24.723116
2002-01-08,24.557011
2002-01-09,25.368227
2002-01-10,25.082369
2002-01-11,25.24847
2002-01-14,25.163494
2002-01-15,24.935562
2002-01-16,24.742399
2002-01-17,24.622646
2002-01-18,24.074137
2002-01-21,24.135918
2002-01-22,24.151403
2002-01-23,24.309786
2002-01-24,24.22481
2002-01-25,24.321362
2002-01-28,24.294304
2002-01-29,24.460405
2002-01-30,24.263391
2002-01-31,23.185661
2002-02-01,23.228157
2002-02-04,23.394249
2002-02-05,22.706648
2002-02-06,22.536638
2002-02-07,23.792143
2002-02-08,24.043222
2002-02-11,23.842348
2002-02-12,23.888695
2002-02-13,23.950527
2002-02-14,24.070282
2002-02-15,24.383139
2002-02-18,24.626511
2002-02-19,24.788797
2002-02-20,24.495178
2002-02-21,24.290447
2002-02-22,24.329079
2002-02-25,24.313648
2002-02-26,24.827433
2002-02-27,25.167353
2002-02-28,23.784428
2002-03-01,24.900793
2002-03-04,24.232527
2002-03-05,24.240242
2002-03-06,23.768944
2002-03-07,24.05094
2002-03-08,23.71488
2002-03-11,23.058142
2002-03-12,22.579126
2002-03-13,22.687309
2002-03-14,22.984783
2002-03-15,23.79986
2002-03-18,23.695539
2002-03-19,23.147028
2002-03-20,23.467657
2002-03-21,23.452173
2002-03-22,23.471516
2002-03-25,
2002-03-26,23.177898
2002-03-27,23.185661
2002-03-28,23.201094
2002-03-29,
2002-04-01,23.343996
2002-04-02,23.452173
2002-04-03,23.096771
2002-04-04,23.591269
2002-04-05,23.618277
2002-04-08,23.409685
2002-04-09,23.189522
2002-04-10,22.88818
2002-04-11,22.911385
2002-04-12,23.042709
2002-04-15,22.749138
2002-04-16,22.331907
2002-04-17,22.409168
2002-04-18,22.586897
2002-04-19,21.99585
2002-04-22,22.192865
2002-04-23,22.498007
2002-04-24,22.37826
2002-04-25,22.173525
2002-04-26,22.289419
2002-04-29,21.269609
2002-04-30,21.505259
2002-05-01,
2002-05-02,21.968788
2002-05-03,22.23921
2002-05-06,22.382164
2002-05-07,22.648674
2002-05-08,22.401453
2002-05-09,22.517345
2002-05-10,22.254637
2002-05-13,22.09626
2002-05-14,21.918583
2002-05-15,21.856756
2002-05-16,21.470486
2002-05-17,21.694508
2002-05-20,21.339109
2002-05-21,20.261381
2002-05-22,19.990959
2002-05-23,19.627844
2002-05-24,20.906496
2002-05-27,20.809887
2002-05-28,20.087511
2002-05-29,20.49703
2002-05-30,20.199549
2002-05-31,20.357937
2002-06-03,20.887154
2002-06-04,21.091888
2002-06-05,21.200066
2002-06-06,21.265751
2002-06-07,21.227118
2002-06-10,21.934019
2002-06-11,22.343534
2002-06-12,22.119455
2002-06-13,21.984268
2002-06-14,21.775631
2002-06-17,22.011276
2002-06-18,21.891523
2002-06-19,22.146519
2002-06-20,22.138748
2002-06-21,21.934019
2002-06-24,21.926298
2002-06-25,21.07645
2002-06-26,20.632215
2002-06-27,20.995335
2002-06-28,20.813745
2002-07-01,20.991476
2002-07-02,20.636076
2002-07-03,20.717192
2002-07-04,20.628357
2002-07-05,20.342499
2002-07-08,21.00305
2002-07-09,21.393225
2002-07-10,21.427994
2002-07-11,20.524036
2002-07-12,20.49703
2002-07-15,20.539471
2002-07-16,19.925268
2002-07-17,19.616217
2002-07-18,20.037304
2002-07-19,20.072081
2002-07-22,19.840286
2002-07-23,19.83643
2002-07-24,19.434681
2002-07-25,19.453974
2002-07-26,18.959528
2002-07-29,19.141111
2002-07-30,19.067709
2002-07-31,18.878408
2002-08-01,18.932472
2002-08-02,18.762514
2002-08-05,18.84749
2002-08-06,18.662098
2002-08-07,18.638903
2002-08-08,18.013126
2002-08-09,18.128971
2002-08-12,18.615749
2002-08-13,18.739365
2002-08-14,18.430309
2002-08-15,
2002-08-16,18.758652
2002-08-19,18.947954
2002-08-20,19.229948
2002-08-21,18.944094
2002-08-22,19.133347
2002-08-23,19.295635
2002-08-26,19.388334
2002-08-27,19.052229
2002-08-28,18.982729
2002-08-29,19.284014
2002-08-30,19.739878
2002-09-02,20.49312
2002-09-03,20.419764
2002-09-04,20.806034
2002-09-05,20.547237
2002-09-06,20.524036
2002-09-09,20.160921
2002-09-10,
2002-09-11,19.886637
2002-09-12,20.126146
2002-09-13,20.01025
2002-09-16,19.936848
2002-09-17,20.211123
2002-09-18,19.983242
2002-09-19,19.94075
2002-09-20,19.739878
2002-09-23,20.087511
2002-09-24,19.739878
2002-09-25,19.728252
2002-09-26,19.755312
2002-09-27,19.929127
2002-09-30,19.936848
2002-10-01,19.314928
2002-10-02,
2002-10-03,18.704588
2002-10-04,18.244867
2002-10-07,18.553919
2002-10-08,18.723881
2002-10-09,18.418737
2002-10-10,18.302841
2002-10-11,18.511431
2002-10-14,18.712305
2002-10-15,
2002-10-16,18.866831
2002-10-17,18.824343
2002-10-18,18.766371
2002-10-21,18.708447
2002-10-22,18.538488
2002-10-23,20.875135
2002-10-24,20.339857
2002-10-25,19.733831
2002-10-28,19.44631
2002-10-29,20.397408
2002-10-30,20.737999
2002-10-31,23.489506
2002-11-01,22.803839
2002-11-04,23.290401
2002-11-05,23.109091
2002-11-06,
2002-11-07,22.971954
2002-11-08,22.825926
2002-11-11,22.649033
2002-11-12,23.073689
2002-11-13,23.255056
2002-11-14,23.436434
2002-11-15,23.728371
2002-11-18,24.051292
2002-11-19,
2002-11-20,24.192842
2002-11-21,24.303471
2002-11-22,25.245668
2002-11-25,25.351822
2002-11-26,25.869431
2002-11-27,25.418209
2002-11-28,25.727873
2002-11-29,25.471281
2002-12-02,26.059633
2002-12-03,25.776535
2002-12-04,25.878267
2002-12-05,26.046381
2002-12-06,26.201187
2002-12-09,25.918083
2002-12-10,25.953487
2002-12-11,25.891521
2002-12-12,25.997726
2002-12-13,26.271992
2002-12-16,26.161364
2002-12-17,26.019814
2002-12-18,25.648233
2002-12-19,25.577431
2002-12-20,25.727873
2002-12-23,25.626089
2002-12-24,25.794205
2002-12-25,
2002-12-26,26.586021
2002-12-27,26.444468
2002-12-30,26.320648
2002-12-31,26.360409
2003-01-01,26.347155
2003-01-02,25.96674
2003-01-03,25.4757
2003-01-06,25.197016
2003-01-07,25.219166
2003-01-08,25.564175
2003-01-09,26.218861
2003-01-10,26.280828
2003-01-13,26.121546
2003-01-14,26.055214
2003-01-15,25.727873
2003-01-16,25.785372
2003-01-17,25.865007
2003-01-20,25.643818
2003-01-21,25.842861
2003-01-22,26.19235
2003-01-23,25.895937
2003-01-24,25.006804
2003-01-27,24.184006
2003-01-28,24.652903
2003-01-29,24.166338
2003-01-30,23.746044
2003-01-31,24.334394
2003-02-03,24.891771
2003-02-04,24.896183
2003-02-05,24.997974
2003-02-06,25.219166
2003-02-07,24.838694
2003-02-10,24.918327
2003-02-11,24.989077
2003-02-12,24.878513
2003-02-13,
2003-02-14,25.135107
2003-02-17,25.816355
2003-02-18,25.626089
2003-02-19,25.688059
2003-02-20,25.559759
2003-02-21,26.090614
2003-02-24,26.780704
2003-02-25,26.148115
2003-02-26,25.8871
2003-02-27,26.134861
2003-02-28,26.077311
2003-03-03,26.170204
2003-03-04,25.851702
2003-03-05,25.564175
2003-03-06,25.245668
2003-03-07,24.86084
2003-03-10,24.50251
2003-03-11,25.227997
2003-03-12,24.621918
2003-03-13,24.590992
2003-03-14,
2003-03-17,24.732544
2003-03-18,
2003-03-19,25.219166
2003-03-20,25.953487
2003-03-21,25.96674
2003-03-24,25.024485
2003-03-25,25.276649
2003-03-26,25.170506
2003-03-27,24.816601
2003-03-28,25.254507
2003-03-31,24.60425
2003-04-01,24.865257
2003-04-02,24.975821
2003-04-03,25.258926
2003-04-04,25.962326
2003-04-07,26.555094
2003-04-08,26.201187
2003-04-09,25.511101
2003-04-10,25.236839
2003-04-11,25.909248
2003-04-14,
2003-04-15,24.975821
2003-04-16,25.108538
2003-04-17,24.60866
2003-04-18,
2003-04-21,24.710394
2003-04-22,24.542336
2003-04-23,23.993801
2003-04-24,24.223829
2003-04-25,23.728371
2003-04-28,24.082275
2003-04-29,24.139767
2003-04-30,24.281324
2003-05-01,
2003-05-02,24.192842
2003-05-05,23.936306
2003-05-06,23.878757
2003-05-07,23.493925
2003-05-08,22.963062
2003-05-09,23.095779
2003-05-12,23.073689
2003-05-13,23.157747
2003-05-14,23.577982
2003-05-15,23.653151
2003-05-16,23.768192
2003-05-19,23.80801
2003-05-20,24.073439
2003-05-21,24.046877
2003-05-22,24.294573
2003-05-23,27.064856
2003-05-26,27.986229
2003-05-27,28.08638
2003-05-28,28.842455
2003-05-29,29.403292
2003-05-30,29.904047
2003-06-02,29.498446
2003-06-03,29.25807
2003-06-04,30.10936
2003-06-05,31.296055
2003-06-06,31.396202
2003-06-09,30.805365
2003-06-10,30.399748
2003-06-11,30.820362
2003-06-12,30.845438
2003-06-13,31.341133
2003-06-16,30.770288
2003-06-17,32.157341
2003-06-18,31.846895
2003-06-19,32.537891
2003-06-20,33.59449
2003-06-23,32.572964
2003-06-24,32.082264
2003-06-25,32.53289
2003-06-26,32.562958
2003-06-27,32.522888
2003-06-30,32.537891
2003-07-01,32.62804
2003-07-02,32.898422
2003-07-03,33.123795
2003-07-04,33.344101
2003-07-07,32.923489
2003-07-08,32.673111
2003-07-09,32.713184
2003-07-10,33.459259
2003-07-11,33.118801
2003-07-14,34.025105
2003-07-15,33.814793
2003-07-16,34.425709
2003-07-17,33.929947
2003-07-18,33.975025
2003-07-21,33.619495
2003-07-22,33.454262
2003-07-23,33.028641
2003-07-24,34.230408
2003-07-25,35.011555
2003-07-28,34.570942
2003-07-29,34.81625
2003-07-30,34.9114
2003-07-31,35.842785
2003-08-01,35.557327
2003-08-04,35.542324
2003-08-05,34.846325
2003-08-06,35.111706
2003-08-07,35.607468
2003-08-08,36.383553
2003-08-11,36.183308
2003-08-12,35.73262
2003-08-13,36.148232
2003-08-14,35.912857
2003-08-15,
2003-08-18,36.178246
2003-08-19,36.964455
2003-08-20,36.944389
2003-08-21,37.164757
2003-08-22,38.226303
2003-08-25,37.915836
2003-08-26,39.122597
2003-08-27,39.438068
2003-08-28,39.428051
2003-08-29,40.129059
2003-09-01,41.080502
2003-09-02,41.921734
2003-09-03,40.855129
2003-09-04,40.990349
2003-09-05,42.046879
2003-09-08,43.624252
2003-09-09,43.694332
2003-09-10,43.529099
2003-09-11,42.933189
2003-09-12,41.976807
2003-09-15,40.51466
2003-09-16,41.075497
2003-09-17,40.750038
2003-09-18,39.593285
2003-09-19,40.464592
2003-09-22,40.364437
2003-09-23,41.315819
2003-09-24,42.963253
2003-09-25,41.881657
2003-09-26,42.692867
2003-09-29,43.494034
2003-09-30,44.445473
2003-10-01,43.634251
2003-10-02,
2003-10-03,44.921158
2003-10-06,45.817467
2003-10-07,45.24662
2003-10-08,45.592148
2003-10-09,45.582092
2003-10-10,47.159451
2003-10-13,48.175915
2003-10-14,46.89407
2003-10-15,47.935593
2003-10-16,48.927052
2003-10-17,49.027214
2003-10-20,48.251068
2003-10-21,46.889061
2003-10-22,46.959148
2003-10-23,45.947628
2003-10-24,47.134384
2003-10-27,45.96769
2003-10-28,46.498455
2003-10-29,47.309685
2003-10-30,47.775375
2003-10-31,48.716747
2003-11-03,49.883434
2003-11-04,49.222507
2003-11-05,48.932068
2003-11-06,49.357666
2003-11-07,48.286133
2003-11-10,48.366215
2003-11-11,48.135899
2003-11-12,48.476376
2003-11-13,47.855453
2003-11-14,46.558544
2003-11-17,47.56506
2003-11-18,46.66869
2003-11-19,46.228081
2003-11-20,45.146469
2003-11-21,46.012768
2003-11-24,45.65723
2003-11-25,46.773846
2003-11-26,
2003-11-27,47.69022
2003-11-28,48.776821
2003-12-01,49.297588
2003-12-02,50.033661
2003-12-03,49.86343
2003-12-04,50.945026
2003-12-05,49.377743
2003-12-08,48.06076
2003-12-09,48.73175
2003-12-10,49.833355
2003-12-11,49.382732
2003-12-12,49.202442
2003-12-15,49.973579
2003-12-16,50.554428
2003-12-17,50.349125
2003-12-18,50.769737
2003-12-19,52.146797
2003-12-22,52.832794
2003-12-23,52.317032
2003-12-24,52.867863
2003-12-25,
2003-12-26,53.098183
2003-12-29,53.804234
2003-12-30,56.352989
2003-12-31,57.369453
2004-01-01,57.149136
2004-01-02,58.606274
2004-01-05,58.090527
2004-01-06,57.324436
2004-01-07,58.100525
2004-01-08,59.097042
2004-01-09,57.950359
2004-01-12,57.209221
2004-01-13,58.826668
2004-01-14,59.788036
2004-01-15,57.895275
2004-01-16,58.195679
2004-01-19,58.561207
2004-01-20,57.529732
2004-01-21,55.376537
2004-01-22,53.603939
2004-01-23,55.867241
2004-01-26,
2004-01-27,58.150665
2004-01-28,57.654896
2004-01-29,57.234283
2004-01-30,56.137676
2004-02-02,
2004-02-03,55.451618
2004-02-04,57.224289
2004-02-05,56.543224
2004-02-06,57.624844
2004-02-09,58.956814
2004-02-10,59.41251
2004-02-11,58.816589
2004-02-12,58.856663
2004-02-13,59.6278
2004-02-16,59.382427
2004-02-17,59.963272
2004-02-18,60.574192
2004-02-19,58.320904
2004-02-20,58.831669
2004-02-23,56.618366
2004-02-24,56.658443
2004-02-25,55.601849
2004-02-26,54.309937
2004-02-27,55.551777
2004-03-01,56.813671
2004-03-02,
2004-03-03,58.170666
2004-03-04,57.449604
2004-03-05,58.701431
2004-03-08,59.66288
2004-03-09,58.516186
2004-03-10,57.454609
2004-03-11,56.668453
2004-03-12,56.342995
2004-03-15,54.585381
2004-03-16,54.264935
2004-03-17,54.119698
2004-03-18,51.986561
2004-03-19,52.402172
2004-03-22,50.844879
2004-03-23,51.250496
2004-03-24,51.305561
2004-03-25,51.480793
2004-03-26,52.64748
2004-03-29,52.957951
2004-03-30,52.792717
2004-03-31,53.884323
2004-04-01,55.666992
2004-04-02,56.663448
2004-04-05,57.59483
2004-04-06,57.624844
2004-04-07,57.484673
2004-04-08,57.379513
2004-04-09,
2004-04-12,56.257832
2004-04-13,57.414524
2004-04-14,
2004-04-15,56.618366
2004-04-16,56.698521
2004-04-19,55.341476
2004-04-20,55.316467
2004-04-21,56.918835
2004-04-22,56.958836
2004-04-23,56.813671
2004-04-26,
2004-04-27,54.024555
2004-04-28,54.119698
2004-04-29,53.008083
2004-04-30,52.722641
2004-05-03,52.922943
2004-05-04,53.153255
2004-05-05,53.078175
2004-05-06,54.129711
2004-05-07,53.318481
2004-05-10,51.996563
2004-05-11,49.097282
2004-05-12,49.738266
2004-05-13,51.220421
2004-05-14,47.780369
2004-05-17,40.489658
2004-05-18,43.433956
2004-05-19,45.31171
2004-05-20,47.947323
2004-05-21,47.547039
2004-05-24,49.09951
2004-05-25,49.299679
2004-05-26,49.689079
2004-05-27,48.580242
2004-05-28,46.811398
2004-05-31,46.497696
2004-06-01,46.973679
2004-06-02,47.541637
2004-06-03,46.340813
2004-06-04,46.89798
2004-06-07,48.120407
2004-06-08,49.250988
2004-06-09,48.769543
2004-06-10,48.434166
2004-06-11,46.703205
2004-06-14,47.049446
2004-06-15,48.747932
2004-06-16,48.266483
2004-06-17,49.148201
2004-06-18,48.115063
2004-06-21,47.006161
2004-06-22,46.708603
2004-06-23,44.49086
2004-06-24,45.767452
2004-06-25,46.692398
2004-06-28,47.785099
2004-06-29,47.952789
2004-06-30,46.481422
2004-07-01,47.444328
2004-07-02,46.9412
2004-07-05,46.568005
2004-07-06,47.428043
2004-07-07,47.428043
2004-07-08,46.735687
2004-07-09,47.482143
2004-07-12,47.249554
2004-07-13,46.573402
2004-07-14,45.221104
2004-07-15,45.448296
2004-07-16,45.918865
2004-07-19,45.848564
2004-07-20,46.362434
2004-07-21,46.984482
2004-07-22,49.2131
2004-07-23,50.441006
2004-07-26,51.636421
2004-07-27,50.316612
2004-07-28,50.944061
2004-07-29,51.333534
2004-07-30,52.891407
2004-08-02,53.453953
2004-08-03,52.945496
2004-08-04,53.361973
2004-08-05,54.41679
2004-08-06,53.432281
2004-08-09,53.24839
2004-08-10,53.735245
2004-08-11,51.923103
2004-08-12,51.414642
2004-08-13,51.593132
2004-08-16,51.804108
2004-08-17,51.885281
2004-08-18,50.906174
2004-08-19,51.409237
2004-08-20,50.132633
2004-08-23,48.818237
2004-08-24,49.067024
2004-08-25,49.548481
2004-08-26,49.840565
2004-08-27,49.570084
2004-08-30,50.543793
2004-08-31,51.457932
2004-09-01,51.495827
2004-09-02,51.057659
2004-09-03,51.257835
2004-09-06,51.614811
2004-09-07,52.442444
2004-09-08,52.220661
2004-09-09,52.545162
2004-09-10,52.777737
2004-09-13,53.11319
2004-09-14,52.615528
2004-09-15,52.75613
2004-09-16,53.102314
2004-09-17,55.08213
2004-09-20,54.314007
2004-09-21,54.90358
2004-09-22,54.465485
2004-09-23,54.09763
2004-09-24,53.967831
2004-09-27,53.594563
2004-09-28,53.691944
2004-09-29,55.639225
2004-09-30,56.028767
2004-10-01,57.689342
2004-10-04,59.090347
2004-10-05,58.408791
2004-10-06,59.106552
2004-10-07,60.453453
2004-10-08,59.982861
2004-10-11,59.166042
2004-10-12,57.889515
2004-10-13,
2004-10-14,58.733356
2004-10-15,59.101151
2004-10-18,59.577198
2004-10-19,60.567032
2004-10-20,59.301323
2004-10-21,58.333023
2004-10-22,
2004-10-25,58.073421
2004-10-26,59.690792
2004-10-27,58.484482
2004-10-28,58.268108
2004-10-29,57.245796
2004-11-01,57.321552
2004-11-02,58.787464
2004-11-03,58.819866
2004-11-04,58.127518
2004-11-05,58.457493
2004-11-08,58.673859
2004-11-09,58.41959
2004-11-10,58.890244
2004-11-11,59.057854
2004-11-12,59.020039
2004-11-15,
2004-11-16,58.944267
2004-11-17,58.825272
2004-11-18,59.041641
2004-11-19,57.05109
2004-11-22,57.613644
2004-11-23,57.153805
2004-11-24,55.731209
2004-11-25,54.454617
2004-11-26,
2004-11-29,55.152439
2004-11-30,55.936783
2004-12-01,57.067291
2004-12-02,58.635971
2004-12-03,58.819866
2004-12-06,57.440559
2004-12-07,55.936783
2004-12-08,54.936066
2004-12-09,55.412106
2004-12-10,54.005646
2004-12-13,54.346428
2004-12-14,54.719681
2004-12-15,53.562088
2004-12-16,53.129395
2004-12-17,51.988014
2004-12-20,51.998871
2004-12-21,52.469444
2004-12-22,53.556675
2004-12-23,54.773781
2004-12-24,56.623726
2004-12-27,55.925964
2004-12-28,57.072693
2004-12-29,57.500046
2004-12-30,56.59132
2004-12-31,57.738037
2005-01-03,58.836071
2005-01-04,57.472973
2005-01-05,57.332367
2005-01-06,56.926697
2005-01-07,58.663002
2005-01-10,57.786732
2005-01-11,56.877998
2005-01-12,56.061184
2005-01-13,56.26675
2005-01-14,55.596004
2005-01-17,55.34174
2005-01-18,55.266026
2005-01-19,55.574326
2005-01-20,55.33633
2005-01-24,54.81707
2005-01-25,54.265312
2005-01-27,54.752178
2005-01-28,56.499336
2005-01-31,57.586559
2005-02-01,58.73877
2005-02-02,57.72184
2005-02-03,58.522377
2005-02-04,58.111301
2005-02-07,57.375641
2005-02-08,57.748844
2005-02-09,58.111301
2005-02-10,58.690071
2005-02-11,59.220142
2005-02-14,58.803661
2005-02-15,58.333023
2005-02-16,57.884125
2005-02-17,57.970631
2005-02-18,57.792133
2005-02-21,57.824558
2005-02-22,58.370899
2005-02-23,59.317528
2005-02-24,59.176926
2005-02-25,58.435802
2005-02-28,60.177555
2005-03-01,59.236412
2005-03-02,59.463604
2005-03-03,60.431835
2005-03-04,61.886913
2005-03-07,63.49342
2005-03-08,63.947857
2005-03-09,63.596195
2005-03-10,64.261543
2005-03-11,63.607006
2005-03-14,62.638794
2005-03-15,61.757118
2005-03-16,62.13031
2005-03-17,60.853794
2005-03-18,61.865234
2005-03-21,60.550835
2005-03-22,58.928051
2005-03-23,59.798973
2005-03-24,60.583309
2005-03-28,61.243179
2005-03-29,59.409508
2005-03-30,58.760368
2005-03-31,59.074131
2005-04-01,61.080898
2005-04-04,61.129604
2005-04-05,60.155956
2005-04-06,61.838226
2005-04-07,61.17289
2005-04-08,60.24255
2005-04-11,59.214741
2005-04-12,59.360813
2005-04-13,59.020039
2005-04-15,57.310684
2005-04-18,56.099068
2005-04-19,55.6068
2005-04-20,57.343174
2005-04-21,58.733356
2005-04-22,59.230953
2005-04-25,59.144432
2005-04-26,59.19313
2005-04-27,58.311409
2005-04-28,58.836071
2005-04-29,57.126789
2005-05-02,57.754257
2005-05-03,58.522377
2005-05-04,58.565674
2005-05-05,58.543995
2005-05-06,59.404106
2005-05-09,59.869274
2005-05-10,58.87936
2005-05-11,58.690071
2005-05-12,63.979767
2005-05-13,63.647465
2005-05-16,64.122238
2005-05-17,62.424942
2005-05-18,62.858166
2005-05-19,62.229126
2005-05-20,61.772121
2005-05-23,63.042133
2005-05-24,63.024342
2005-05-25,62.98278
2005-05-26,62.953159
2005-05-27,63.053989
2005-05-30,62.52586
2005-05-31,63.49905
2005-06-01,64.211227
2005-06-02,62.887875
2005-06-03,65.653275
2005-06-06,65.552422
2005-06-07,65.024223
2005-06-08,66.282387
2005-06-09,66.3536
2005-06-10,67.243736
2005-06-13,67.605743
2005-06-14,68.133942
2005-06-15,68.240715
2005-06-16,70.056709
2005-06-17,71.243576
2005-06-20,74.834
2005-06-21,76.691483
2005-06-22,77.688461
2005-06-23,77.219597
2005-06-24,77.700623
2005-06-27,76.987839
2005-06-28,74.72123
2005-06-29,76.180832
2005-06-30,76.264412
2005-07-01,75.973396
2005-07-04,76.484032
2005-07-05,75.730064
2005-07-06,76.579025
2005-07-07,72.869682
2005-07-08,73.623344
2005-07-11,75.237518
2005-07-12,75.759773
2005-07-13,74.887344
2005-07-14,76.139793
2005-07-15,79.124664
2005-07-18,78.548668
2005-07-19,78.887581
2005-07-20,80.602654
2005-07-21,80.501587
2005-07-22,81.842812
2005-07-25,81.604958
2005-07-26,82.032768
2005-07-27,82.946175
2005-07-28,
2005-07-29,83.480385
2005-08-01,84.002419
2005-08-02,88.002502
2005-08-03,84.804108
2005-08-04,86.548851
2005-08-05,86.139236
2005-08-08,84.424156
2005-08-09,83.991028
2005-08-10,85.39151
2005-08-11,85.171906
2005-08-12,83.581436
2005-08-16,83.059395
2005-08-17,84.8573
2005-08-18,84.073845
2005-08-19,83.765335
2005-08-22,83.000107
2005-08-23,81.32
2005-08-24,82.471992
2005-08-25,82.649818
2005-08-26,82.934761
2005-08-29,83.124733
2005-08-30,83.984955
2005-08-31,85.385429
2005-09-01,86.251701
2005-09-02,86.703072
2005-09-05,86.684837
2005-09-06,86.513107
2005-09-08,87.670425
2005-09-09,88.026062
2005-09-12,89.314087
2005-09-13,89.290527
2005-09-14,87.943237
2005-09-15,90.298897
2005-09-16,90.684914
2005-09-19,90.703171
2005-09-20,92.334656
2005-09-21,92.845306
2005-09-22,89.54583
2005-09-23,88.750237
2005-09-26,92.607468
2005-09-27,93.527679
2005-09-28,95.005676
2005-09-29,95.937309
2005-09-30,94.186508
2005-10-03,94.269341
2005-10-04,95.741257
2005-10-05,95.194901
2005-10-06,93.865837
2005-10-07,93.574799
2005-10-10,92.928131
2005-10-11,93.622688
2005-10-13,92.013977
2005-10-14,90.661369
2005-10-17,91.51017
2005-10-18,89.782928
2005-10-19,88.697044
2005-10-20,88.798103
2005-10-21,91.53373
2005-10-24,89.860428
2005-10-25,91.106667
2005-10-26,90.625656
2005-10-27,89.052666
2005-10-28,88.020737
2005-10-31,90.501038
2005-11-02,92.305023
2005-11-04,
2005-11-07,93.527679
2005-11-08,93.818718
2005-11-09,93.901558
2005-11-10,93.254883
2005-11-11,94.40612
2005-11-14,94.76783
2005-11-16,97.023193
2005-11-17,98.429756
2005-11-18,98.055885
2005-11-21,98.400139
2005-11-22,97.242813
2005-11-23,98.749672
2005-11-24,100.185875
2005-11-25,100.014137
2005-11-28,100.637253
2005-11-29,100.666901
2005-11-30,98.833267
2005-12-01,99.646339
2005-12-02,99.628105
2005-12-05,99.729187
2005-12-06,99.313515
2005-12-07,100.109131
2005-12-08,100.429787
2005-12-09,102.470871
2005-12-12,102.4534
2005-12-13,103.450378
2005-12-14,102.304459
2005-12-15,100.322647
2005-12-16,100.808983
2005-12-19,101.735283
2005-12-20,101.426781
2005-12-21,102.090912
2005-12-22,101.59243
2005-12-23,100.04377
2005-12-26,98.833267
2005-12-27,102.892632
2005-12-28,103.55677
2005-12-29,105.764252
2005-12-30,105.550713
2006-01-02,106.565948
2006-01-03,109.194412
2006-01-04,110.363884
2006-01-05,109.396538
2006-01-06,109.278008
2006-01-09,108.025696
2006-01-10,106.120636
2006-01-12,105.260445
2006-01-13,105.058311
2006-01-16,103.609962
2006-01-17,110.203545
2006-01-18,131.784515
2006-01-19,133.836243
2006-01-20,133.779251
2006-01-23,133.427429
2006-01-24,131.737427
2006-01-25,130.777679
2006-01-27,132.725266
2006-01-30,135.08017
2006-01-31,135.622009
2006-02-01,133.893234
2006-02-02,134.624969
2006-02-03,132.335449
2006-02-06,136.846924
2006-02-07,136.884918
2006-02-08,136.115891
2006-02-10,136.704834
2006-02-13,136.172897
2006-02-14,135.67897
2006-02-15,133.323303
2006-02-16,132.420547
2006-02-17,131.680405
2006-02-20,133.370422
2006-02-21,132.554291
2006-02-22,133.732132
2006-02-23,133.047455
2006-02-24,133.522415
2006-02-27,133.00032
2006-02-28,134.662247
2006-03-01,134.548233
2006-03-02,135.479858
2006-03-03,135.973846
2006-03-06,139.098511
2006-03-07,139.155472
2006-03-08,136.761826
2006-03-09,138.063522
2006-03-10,138.95639
2006-03-13,139.696533
2006-03-14,141.055206
2006-03-16,145.994522
2006-03-17,147.238449
2006-03-20,147.808395
2006-03-21,148.265106
2006-03-22,146.754425
2006-03-23,147.67543
2006-03-24,148.597153
2006-03-27,150.904968
2006-03-28,150.240051
2006-03-29,150.791733
2006-03-30,151.161804
2006-03-31,151.09491
2006-04-03,157.449936
2006-04-04,158.960602
2006-04-05,159.672592
2006-04-07,158.333679
2006-04-10,158.864838
2006-04-12,157.440811
2006-04-13,160.812469
2006-04-17,161.75322
2006-04-18,169.323257
2006-04-19,175.117462
2006-04-20,188.557693
2006-04-21,185.214935
2006-04-24,185.641998
2006-04-25,181.443558
2006-04-26,185.917847
2006-04-27,189.58432
2006-04-28,191.664108
2006-05-02,195.891418
2006-05-03,196.727295
2006-05-04,205.209213
2006-05-05,208.82785
2006-05-08,219.41925
2006-05-09,219.24826
2006-05-10,222.230865
2006-05-11,210.917526
2006-05-12,202.672684
2006-05-15,194.08667
2006-05-16,198.275177
2006-05-17,206.349045
2006-05-18,190.885254
2006-05-19,185.812927
2006-05-22,176.561234
2006-05-23,183.723251
2006-05-24,178.299133
2006-05-25,180.474701
2006-05-26,182.089478
2006-05-29,181.605408
2006-05-30,181.415466
2006-05-31,181.263474
2006-06-01,183.48349
2006-06-02,189.977722
2006-06-05,183.48349
2006-06-06,179.746185
2006-06-07,177.069321
2006-06-08,163.72467
2006-06-09,182.968704
2006-06-12,178.665131
2006-06-13,170.258606
2006-06-14,170.218964
2006-06-15,177.534912
2006-06-16,182.740295
2006-06-19,185.139572
2006-06-20,183.414474
2006-06-21,191.17775
2006-06-22,193.348587
2006-06-23,200.645493
2006-06-26,194.558136
2006-06-27,195.460739
2006-06-28,198.474686
2006-06-29,199.941193
2006-06-30,210.152924
2006-07-03,212.384048
2006-07-04,213.097855
2006-07-05,216.954926
2006-07-06,214.792786
2006-07-07,204.551758
2006-07-10,206.871689
2006-07-11,208.04158
2006-07-12,217.728256
2006-07-13,213.246201
2006-07-14,211.987457
2006-07-17,204.512085
2006-07-18,199.158371
2006-07-19,194.92453
2006-07-20,197.37381
2006-07-21,191.851151
2006-07-24,192.634766
2006-07-25,195.866821
2006-07-26,198.266083
2006-07-27,198.30574
2006-07-28,194.131424
2006-07-31,194.082245
2006-08-01,194.637436
2006-08-02,196.481522
2006-08-03,195.906494
2006-08-04,191.901093
2006-08-07,189.353531
2006-08-08,193.755463
2006-08-09,195.906494
2006-08-10,194.112381
2006-08-11,200.467056
2006-08-14,204.085373
2006-08-16,207.50621
2006-08-17,211.392624
2006-08-18,209.370102
2006-08-21,211.690033
2006-08-22,211.134842
2006-08-23,210.559845
2006-08-24,219.472366
2006-08-25,220.226669
2006-08-28,222.496613
2006-08-29,221.851791
2006-08-30,223.825134
2006-08-31,221.554367
2006-09-01,222.575928
2006-09-04,224.380356
2006-09-05,223.259613
2006-09-06,225.550232
2006-09-07,223.210419
2006-09-08,224.22171
2006-09-11,215.675552
2006-09-12,219.472366
2006-09-13,221.3172
2006-09-14,223.338913
2006-09-15,226.164902
2006-09-18,224.746796
2006-09-19,221.653503
2006-09-20,223.696655
2006-09-21,225.82785
2006-09-22,229.218567
2006-09-25,230.626328
2006-09-26,233.79892
2006-09-27,232.797989
2006-09-28,231.597916
2006-09-29,232.341904
2006-10-03,230.368607
2006-10-04,227.840805
2006-10-05,229.000381
2006-10-06,230.576385
2006-10-09,228.712494
2006-10-10,228.207275
2006-10-11,226.700302
2006-10-12,231.74704
2006-10-13,236.099045
2006-10-16,240.600113
2006-10-17,240.956985
2006-10-18,239.628525
2006-10-19,237.368042
2006-10-20,238.647415
2006-10-23,236.723251
2006-10-26,232.975647
2006-10-27,242.444168
2006-10-30,245.111526
2006-10-31,243.098511
2006-11-01,250.712708
2006-11-02,254.469833
2006-11-03,255.332779
2006-11-06,258.664001
2006-11-07,256.0466
2006-11-08,248.303162
2006-11-09,249.959183
2006-11-10,254.856873
2006-11-13,254.876694
2006-11-14,253.687027
2006-11-15,250.366074
2006-11-16,250.980774
2006-11-17,249.691147
2006-11-20,249.641953
2006-11-21,252.626556
2006-11-22,253.439545
2006-11-23,252.209335
2006-11-24,250.305878
2006-11-27,248.422089
2006-11-28,247.996185
2006-11-29,247.718597
2006-11-30,246.756485
2006-12-01,250.048843
2006-12-04,249.820435
2006-12-05,253.717133
2006-12-06,254.073257
2006-12-07,257.970001
2006-12-08,251.654953
2006-12-11,245.874527
2006-12-12,239.013794
2006-12-13,245.557266
2006-12-14,249.73082
2006-12-15,248.591019
2006-12-18,255.610336
2006-12-19,248.561737
2006-12-20,247.639267
2006-12-21,250.127365
2006-12-22,252.329163
2006-12-26,253.21109
2006-12-27,256.452728
2006-12-28,252.755051
2006-12-29,251.853241
2007-01-02,253.984421
2007-01-03,254.708618
2007-01-04,253.90509
2007-01-05,255.422379
2007-01-08,253.181015
2007-01-09,253.468903
2007-01-10,252.44809
2007-01-11,257.077667
2007-01-12,265.604004
2007-01-15,270.649963
2007-01-16,267.080841
2007-01-17,267.655823
2007-01-18,271.13623
2007-01-19,274.180206
2007-01-22,272.414703
2007-01-23,269.77829
2007-01-24,271.55249
2007-01-25,271.770721
2007-01-29,274.090637
2007-01-31,270.947357
2007-02-01,273.158691
2007-02-02,272.653442
2007-02-05,275.091583
2007-02-06,275.458771
2007-02-07,276.58905
2007-02-08,277.015717
2007-02-09,275.974365
2007-02-12,269.460236
2007-02-13,270.858551
2007-02-14,273.049988
2007-02-15,278.978027
2007-02-19,281.715149
2007-02-20,280.495239
2007-02-21,278.939056
2007-02-22,279.990021
2007-02-23,280.227142
2007-02-26,278.899506
2007-02-27,278.680542
2007-02-28,268.181702
2007-03-01,271.205963
2007-03-02,260.983917
2007-03-05,249.710953
2007-03-06,257.345032
2007-03-07,255.52153
2007-03-08,264.821106
2007-03-09,261.380493
2007-03-12,260.884766
2007-03-13,263.076233
2007-03-14,254.866409
2007-03-15,254.480118
2007-03-16,257.801819
2007-03-19,260.458832
2007-03-20,262.32196
2007-03-21,274.844177
2007-03-22,282.073822
2007-03-23,282.238708
2007-03-26,279.880005
2007-03-28,276.895233
2007-03-29,278.371979
2007-03-30,281.05896
2007-04-02,269.500732
2007-04-03,274.998413
2007-04-04,279.612518
2007-04-05,278.710052
2007-04-09,283.93045
2007-04-10,283.950958
2007-04-11,284.402161
2007-04-12,284.586761
2007-04-13,289.601257
2007-04-16,298.996002
2007-04-17,302.697815
2007-04-18,304.656189
2007-04-19,306.091949
2007-04-20,316.162628
2007-04-23,318.798737
2007-04-24,324.674652
2007-04-25,327.843994
2007-04-26,327.525665
2007-04-27,315.701538
2007-04-30,320.183624
2007-05-03,333.536102
2007-05-04,324.716492
2007-05-07,329.505341
2007-05-08,326.767578
2007-05-09,327.812775
2007-05-10,324.357147
2007-05-11,325.936462
2007-05-14,332.325256
2007-05-15,327.864471
2007-05-16,335.289398
2007-05-17,345.657135
2007-05-18,348.364594
2007-05-21,361.183807
2007-05-22,364.937256
2007-05-23,360.200104
2007-05-24,354.261841
2007-05-25,354.436584
2007-05-28,353.584961
2007-05-29,360.353516
2007-05-30,359.52243
2007-05-31,360.743256
2007-06-01,359.194305
2007-06-04,357.286713
2007-06-05,357.994781
2007-06-06,346.898468
2007-06-07,342.355743
2007-06-08,339.873962
2007-06-11,341.740417
2007-06-12,348.457306
2007-06-13,343.637238
2007-06-14,347.873169
2007-06-15,344.970459
2007-06-18,342.857819
2007-06-19,354.128937
2007-06-20,355.440796
2007-06-21,355.727966
2007-06-22,349.728912
2007-06-25,350.560028
2007-06-26,349.349152
2007-06-27,348.385895
2007-06-28,347.042053
2007-06-29,348.796143
2007-07-02,345.462708
2007-07-03,350.180176
2007-07-04,352.406006
2007-07-05,350.702789
2007-07-06,350.71347
2007-07-09,350.928436
2007-07-10,349.236664
2007-07-11,349.359802
2007-07-12,352.651306
2007-07-13,363.666443
2007-07-16,364.414642
2007-07-17,374.905548
2007-07-18,373.839752
2007-07-19,388.227661
2007-07-20,388.094757
2007-07-23,391.5914
2007-07-24,392.288757
2007-07-25,390.237671
2007-07-26,398.308258
2007-07-27,383.038452
2007-07-30,379.193085
2007-07-31,388.371277
2007-08-01,368.732544
2007-08-02,369.306915
2007-08-03,369.429962
2007-08-06,365.122681
2007-08-07,371.285736
2007-08-08,384.66861
2007-08-09,378.587616
2007-08-10,371.050354
2007-08-13,375.18277
2007-08-14,375.9729
2007-08-16,356.69281
2007-08-17,359.533173
2007-08-20,368.783478
2007-08-21,358.291779
2007-08-22,362.260986
2007-08-23,357.707672
2007-08-24,364.342468
2007-08-27,376.126343
2007-08-28,386.115082
2007-08-29,387.591766
2007-08-30,392.176361
2007-08-31,402.195435
2007-09-03,401.589966
2007-09-04,404.656769
2007-09-05,402.954376
2007-09-06,406.697205
2007-09-07,402.605743
2007-09-10,407.261627
2007-09-11,408.184631
2007-09-12,412.91275
2007-09-13,415.855652
2007-09-14,417.343048
2007-09-17,416.019775
2007-09-18,422.122101
2007-09-19,445.883331
2007-09-20,449.247223
2007-09-21,467.737152
2007-09-24,483.13089
2007-09-25,492.176117
2007-09-26,476.249176
2007-09-27,475.500946
2007-09-28,471.347931
2007-10-01,470.147583
2007-10-03,491.417267
2007-10-04,497.570496
2007-10-05,511.230713
2007-10-08,496.606506
2007-10-09,533.279602
2007-10-10,537.05365
2007-10-11,539.546143
2007-10-12,526.255127
2007-10-15,546.889099
2007-10-16,543.853333
2007-10-17,551.237305
2007-10-18,529.823242
2007-10-19,506.472137
2007-10-22,494.319977
2007-10-23,533.249329
2007-10-24,536.366943
2007-10-25,539.033386
2007-10-26,553.441833
2007-10-29,580.023743
2007-10-30,568.045471
2007-10-31,570.978577
2007-11-01,549.811462
2007-11-02,556.518494
2007-11-05,545.821655
2007-11-06,546.85791
2007-11-07,568.332581
2007-11-08,562.579651
2007-11-12,548.785767
2007-11-13,552.375244
2007-11-14,592.442566
2007-11-15,589.704895
2007-11-16,591.047913
2007-11-19,584.741272
2007-11-20,571.194275
2007-11-21,555.739014
2007-11-22,558.867249
2007-11-23,576.59845
2007-11-26,591.643555
2007-11-27,583.182434
2007-11-28,572.721863
2007-11-29,576.875732
2007-11-30,584.894653
2007-12-03,601.970276
2007-12-04,587.120483
2007-12-05,595.099182
2007-12-06,589.438232
2007-12-07,582.80249
2007-12-10,579.007996
2007-12-11,591.868286
2007-12-12,590.89447
2007-12-13,581.018921
2007-12-14,592.483643
2007-12-17,569.194092
2007-12-18,559.441589
2007-12-19,554.569885
2007-12-20,556.589783
2007-12-24,571.953186
2007-12-26,594.094116
2007-12-27,593.550964
2007-12-28,593.756165
2007-12-31,591.263611
2008-01-01,584.197327
2008-01-02,586.967041
2008-01-03,595.570923
2008-01-04,613.886963
2008-01-07,619.47583
2008-01-08,626.531494
2008-01-09,622.224243
2008-01-10,621.02478
2008-01-11,641.494568
2008-01-14,660.621216
2008-01-15,649.278809
2008-01-16,634.53064
2008-01-17,614.615601
2008-01-18,574.219177
2008-01-21,521.13739
2008-01-22,483.530518
2008-01-23,523.167847
2008-01-24,510.49234
2008-01-25,536.438416
2008-01-28,526.388123
2008-01-29,528.541748
2008-01-30,507.005402
2008-01-31,508.441223
2008-02-01,521.537842
2008-02-04,531.474854
2008-02-05,536.787109
2008-02-06,523.537109
2008-02-07,497.477844
2008-02-08,497.673004
2008-02-11,467.029968
2008-02-12,476.844788
2008-02-13,490.104645
2008-02-14,516.204895
2008-02-15,532.038452
2008-02-18,523.783264
2008-02-19,523.957947
2008-02-20,509.487305
2008-02-21,512.010071
2008-02-22,499.323792
2008-02-25,523.321289
2008-02-26,528.490051
2008-02-27,530.9104
2008-02-28,519.588501
2008-02-29,505.271912
2008-03-03,472.978149
2008-03-04,460.097351
2008-03-05,470.260864
2008-03-07,461.132782
2008-03-10,466.527893
2008-03-11,481.572083
2008-03-12,487.048401
2008-03-13,460.066895
2008-03-14,476.382935
2008-03-17,447.175598
2008-03-18,441.186493
2008-03-19,442.847839
2008-03-24,451.287598
2008-03-25,474.577942
2008-03-26,471.634247
2008-03-27,465.758301
2008-03-28,482.504974
2008-03-31,464.732819
2008-04-01,481.028168
2008-04-02,480.680328
2008-04-03,491.448517
2008-04-04,476.085083
2008-04-07,493.263275
2008-04-08,488.515411
2008-04-09,496.001068
2008-04-10,506.33844
2008-04-11,523.342712
2008-04-15,535.700012
2008-04-16,541.996826
2008-04-17,541.494751
2008-04-21,542.222473
2008-04-22,534.787659
2008-04-23,528.685425
2008-04-24,529.720703
2008-04-25,538.304932
2008-04-28,531.515808
2008-04-29,545.5755
2008-04-30,536.253723
2008-05-02,548.611877
2008-05-05,547.473083
2008-05-06,543.535095
2008-05-07,551.523621
2008-05-08,557.861023
2008-05-09,528.820557
2008-05-12,534.143982
2008-05-13,523.110779
2008-05-14,529.312439
2008-05-15,548.59552
2008-05-16,551.262634
2008-05-20,544.412476
2008-05-21,557.955505
2008-05-22,549.24469
2008-05-23,534.635071
2008-05-26,526.143494
2008-05-27,521.855835
2008-05-28,527.586548
2008-05-29,515.079346
2008-05-30,502.697418
2008-06-02,493.34845
2008-06-03,503.355896
2008-06-04,482.514221
2008-06-05,469.923279
2008-06-06,468.187317
2008-06-09,452.333588
2008-06-10,459.664795
2008-06-11,472.976868
2008-06-12,476.302521
2008-06-13,474.859253
2008-06-16,477.3591
2008-06-17,487.931213
2008-06-18,478.352173
2008-06-19,470.205231
2008-06-20,439.05249
2008-06-23,423.679749
2008-06-24,431.418335
2008-06-25,446.749207
2008-06-26,468.407379
2008-06-27,456.505768
2008-06-30,438.204956
2008-07-01,427.539001
2008-07-02,448.422424
2008-07-03,432.966156
2008-07-04,438.780518
2008-07-07,424.202606
2008-07-08,414.006042
2008-07-09,434.858551
2008-07-10,428.06189
2008-07-11,421.671875
2008-07-14,427.391724
2008-07-15,413.577698
2008-07-16,406.487457
2008-07-17,422.184723
2008-07-18,441.98053
2008-07-21,450.273956
2008-07-22,450.126617
2008-07-23,474.210907
2008-07-24,482.734344
2008-07-25,449.070801
2008-07-28,455.931
2008-07-29,435.685089
2008-07-30,452.91922
2008-07-31,461.703644
2008-08-01,480.548279
2008-08-04,469.003021
2008-08-05,476.041473
2008-08-06,480.757324
2008-08-07,475.319458
2008-08-08,470.969055
2008-08-11,486.330902
2008-08-12,490.932281
2008-08-13,488.757935
2008-08-14,476.17691
2008-08-18,465.321991
2008-08-19,464.234314
2008-08-20,469.82959
2008-08-21,462.780304
2008-08-22,469.505035
2008-08-25,466.827881
2008-08-26,455.816437
2008-08-27,449.259094
2008-08-28,433.123413
2008-08-29,446.791046
2008-09-01,447.930511
2008-09-02,462.802124
2008-09-04,450.147522
2008-09-05,435.224945
2008-09-08,446.163666
2008-09-09,448.119598
2008-09-10,435.590576
2008-09-11,417.760712
2008-09-12,404.218567
2008-09-15,394.659485
2008-09-16,403.25647
2008-09-17,392.506012
2008-09-18,405.388977
2008-09-19,429.828857
2008-09-22,426.482422
2008-09-23,419.653168
2008-09-24,427.946442
2008-09-25,423.679749
2008-09-26,410.607727
2008-09-29,404.259552
2008-09-30,407.710571
2008-10-01,398.790649
2008-10-03,368.410797
2008-10-06,343.34433
2008-10-07,350.257263
2008-10-08,344.798401
2008-10-10,319.500977
2008-10-13,328.661865
2008-10-14,339.046722
2008-10-15,317.953217
2008-10-16,291.129059
2008-10-17,273.163696
2008-10-20,276.269226
2008-10-21,291.756531
2008-10-22,275.411682
2008-10-23,254.674698
2008-10-24,213.230743
2008-10-27,225.256973
2008-10-29,251.349136
2008-10-31,287.678101
2008-11-03,301.534821
2008-11-04,303.605438
2008-11-05,265.42514
2008-11-06,244.823624
2008-11-07,255.323044
2008-11-10,272.546295
2008-11-11,252.593201
2008-11-12,243.076797
2008-11-14,239.845779
2008-11-17,238.726395
2008-11-18,238.422745
2008-11-19,236.85408
2008-11-20,220.875671
2008-11-21,235.159943
2008-11-24,239.437546
2008-11-25,224.169434
2008-11-26,238.203537
2008-11-27,474.35733
2008-11-28,237.272385
2008-12-01,232.033554
2008-12-02,224.618652
2008-12-03,223.604691
2008-12-04,242.428421
2008-12-05,233.748581
2008-12-08,233.947708
2008-12-10,256.671661
2008-12-11,263.322723
2008-12-12,273.382935
2008-12-15,280.379456
2008-12-16,290.407928
2008-12-17,282.648407
2008-12-18,284.656219
2008-12-19,282.627502
2008-12-22,268.876129
2008-12-23,263.47998
2008-12-24,259.76712
2008-12-26,253.106033
2008-12-29,260.666504
2008-12-30,261.544861
2008-12-31,257.832855
2009-01-02,269.053467
2009-01-05,285.670166
2009-01-06,286.726837
2009-01-07,251.139954
2009-01-09,241.204407
2009-01-12,229.628296
2009-01-13,225.372467
2009-01-14,246.747833
2009-01-15,238.924683
2009-01-16,254.611115
2009-01-19,257.236359
2009-01-20,247.563538
2009-01-21,234.218765
2009-01-22,237.659729
2009-01-23,241.811798
2009-01-27,256.40979
2009-01-28,266.459991
2009-01-29,265.644318
2009-01-30,276.833954
2009-02-02,267.714874
2009-02-03,273.194672
2009-02-04,273.466583
2009-02-05,269.55545
2009-02-06,281.278015
2009-02-09,290.658875
2009-02-10,293.220581
2009-02-11,288.891174
2009-02-12,282.680176
2009-02-13,291.223602
2009-02-16,276.122833
2009-02-17,265.058685
2009-02-18,270.884003
2009-02-19,270.591156
2009-02-20,262.151459
2009-02-24,262.119659
2009-02-25,264.902222
2009-02-26,269.973755
2009-02-27,264.797668
2009-03-02,256.347839
2009-03-03,250.323471
2009-03-04,253.304276
2009-03-05,240.483292
2009-03-06,244.68721
2009-03-09,241.225342
2009-03-12,251.401047
2009-03-13,268.603394
2009-03-16,277.670532
2009-03-17,271.939789
2009-03-18,278.465363
2009-03-19,281.456207
2009-03-20,280.09668
2009-03-23,300.854645
2009-03-24,303.782806
2009-03-25,320.463104
2009-03-26,327.427856
2009-03-27,323.924988
2009-03-30,317.168549
2009-03-31,318.905334
2009-04-01,330.721649
2009-04-02,347.474731
2009-04-06,349.618896
2009-04-08,360.819458
2009-04-09,363.036469
2009-04-13,370.942444
2009-04-15,382.759521
2009-04-16,362.879181
2009-04-17,359.103577
2009-04-20,358.779785
2009-04-21,356.834686
2009-04-22,359.323578
2009-04-23,368.881836
2009-04-24,374.141663
2009-04-27,373.452271
2009-04-28,363.329285
2009-04-29,377.780914
2009-04-30,378.607391
2009-05-04,394.691223
2009-05-05,393.970062
2009-05-06,393.519958
2009-05-07,400.642029
2009-05-08,397.452087
2009-05-11,389.357849
2009-05-12,409.917572
2009-05-13,404.291351
2009-05-14,399.260803
2009-05-15,407.993347
2009-05-18,495.178802
2009-05-19,466.597778
2009-05-20,450.189453
2009-05-21,442.450745
2009-05-22,457.154999
2009-05-25,459.037323
2009-05-26,448.150574
2009-05-27,457.280487
2009-05-28,464.433472
2009-05-29,475.172974
2009-06-01,477.327301
2009-06-02,476.699829
2009-06-03,469.735046
2009-06-04,473.050537
2009-06-05,462.802124
2009-06-08,458.880066
2009-06-09,475.224976
2009-06-10,485.275146
2009-06-11,481.729553
2009-06-12,494.038605
2009-06-15,455.700958
2009-06-16,448.286987
2009-06-17,429.044952
2009-06-18,423.54422
2009-06-19,426.984375
2009-06-22,408.369781
2009-06-23,421.504578
2009-06-24,418.795654
2009-06-25,409.541077
2009-06-26,424.411774
2009-06-29,436.500763
2009-06-30,423.1987
2009-07-01,430.602722
2009-07-02,420.67807
2009-07-03,424.088013
2009-07-06,395.957001
2009-07-07,388.071167
2009-07-08,382.675903
2009-07-09,387.642822
2009-07-10,371.277039
2009-07-13,366.214752
2009-07-14,379.413086
2009-07-15,392.432434
2009-07-16,404.793335
2009-07-17,405.138824
2009-07-20,425.269287
2009-07-21,422.205658
2009-07-22,413.222107
2009-07-23,426.995239
2009-07-24,421.828339
2009-07-27,405.891785
2009-07-28,398.978851
2009-07-29,403.747559
2009-07-30,397.452087
2009-07-31,408.976379
2009-08-03,421.860107
2009-08-04,426.618744
2009-08-05,434.283783
2009-08-06,428.092896
2009-08-07,417.834351
2009-08-10,415.815643
2009-08-11,418.388184
2009-08-12,416.359467
2009-08-13,423.386963
2009-08-14,425.927704
2009-08-17,406.162842
2009-08-18,406.006378
2009-08-19,394.429382
2009-08-20,397.054657
2009-08-21,403.412903
2009-08-24,412.929352
2009-08-25,423.669678
2009-08-26,426.702423
2009-08-27,427.161774
2009-08-28,433.802765
2009-08-31,419.371246
2009-09-01,414.298859
2009-09-02,412.270874
2009-09-03,403.831207
2009-09-04,414.362427
2009-09-07,418.900177
2009-09-08,434.116455
2009-09-09,453.535828
2009-09-10,449.143616
2009-09-11,447.764099
2009-09-14,447.481293
2009-09-15,456.140167
2009-09-16,456.788574
2009-09-17,436.322571
2009-09-18,439.75351
2009-09-22,438.790558
2009-09-23,439.575317
2009-09-24,439.41803
2009-09-25,446.54007
2009-09-29,454.080414
2009-09-30,460.479645
2009-10-01,454.770691
2009-10-05,447.397644
2009-10-06,446.351868
2009-10-07,439.491699
2009-10-08,443.329163
2009-10-09,439.167847
2009-10-12,453.66214
2009-10-13,452.187256
2009-10-14,456.830414
2009-10-15,454.174133
2009-10-16,475.4422
2009-10-20,468.113647
2009-10-21,467.609741
2009-10-22,457.538361
2009-10-23,438.713196
2009-10-26,431.856079
2009-10-27,426.638702
2009-10-28,435.885437
2009-10-29,428.438721
2009-10-30,413.814209
2009-11-03,389.685883
2009-11-04,411.574554
2009-11-05,415.957123
2009-11-06,419.460205
2009-11-09,433.795807
2009-11-10,440.245728
2009-11-11,452.995544
2009-11-12,450.263062
2009-11-13,454.174133
2009-11-16,461.481232
2009-11-17,456.928101
2009-11-18,450.006744
2009-11-19,446.524231
2009-11-20,454.988434
2009-11-23,470.341431
2009-11-24,466.5383
2009-11-25,470.2883
2009-11-26,455.888397
2009-11-27,448.259918
2009-11-30,455.781342
2009-12-01,470.566895
2009-12-02,471.616852
2009-12-03,471.273926
2009-12-04,466.452606
2009-12-07,452.138519
2009-12-08,463.002686
2009-12-09,459.359741
2009-12-10,459.338409
2009-12-11,459.102661
2009-12-14,457.688354
2009-12-15,450.681305
2009-12-16,448.7742
2009-12-17,443.545654
2009-12-18,431.845795
2009-12-21,435.831543
2009-12-22,436.795746
2009-12-23,456.938354
2009-12-24,461.266907
2009-12-29,462.959778
2009-12-30,461.159821
2009-12-31,467.374054
2010-01-04,460.924042
2010-01-05,458.866943
2010-01-06,466.281158
2010-01-07,474.016846
2010-01-08,472.774017
2010-01-11,463.495514
2010-01-12,464.716919
2010-01-13,466.5383
2010-01-14,480.723877
2010-01-15,476.031097
2010-01-18,471.209717
2010-01-19,464.995483
2010-01-20,461.781219
2010-01-21,451.731354
2010-01-22,451.645569
2010-01-25,446.588531
2010-01-27,440.374298
2010-01-28,444.488495
2010-01-29,448.367096
2010-02-01,448.0242
2010-02-02,440.267151
2010-02-03,443.117126
2010-02-04,436.774292
2010-02-05,420.724457
2010-02-06,
2010-02-08,426.145874
2010-02-09,425.674438
2010-02-10,422.181641
2010-02-11,435.060059
2010-02-15,432.852936
2010-02-16,436.174347
2010-02-17,442.517181
2010-02-18,427.624451
2010-02-19,421.367371
2010-02-22,419.117371
2010-02-23,418.003082
2010-02-24,419.481659
2010-02-25,412.753143
2010-02-26,419.545929
2010-03-02,421.367371
2010-03-03,439.19577
2010-03-04,434.56723
2010-03-05,432.767212
2010-03-08,430.324402
2010-03-09,424.431549
2010-03-10,432.31723
2010-03-11,435.617249
2010-03-12,437.824341
2010-03-15,440.588654
2010-03-16,457.688354
2010-03-17,458.438416
2010-03-18,461.545532
2010-03-19,468.016846
2010-03-22,460.259796
2010-03-23,467.738342
2010-03-25,467.759674
2010-03-26,471.616852
2010-03-29,468.552612
2010-03-30,466.345398
2010-03-31,460.388336
2010-04-01,468.016846
2010-04-05,482.523834
2010-04-06,481.36673
2010-04-07,484.152374
2010-04-08,474.231079
2010-04-09,482.009613
2010-04-12,483.145294
2010-04-13,480.381073
2010-04-15,467.438354
2010-04-16,464.674072
2010-04-19,455.052734
2010-04-20,455.65271
2010-04-21,451.752777
2010-04-22,461.031189
2010-04-23,466.366913
2010-04-26,459.102661
2010-04-27,454.817047
2010-04-28,435.960052
2010-04-29,443.588562
2010-04-30,442.967102
2010-05-03,438.745789
2010-05-04,437.631439
2010-05-05,437.417206
2010-05-06,431.931519
2010-05-07,442.624268
2010-05-10,468.952301
2010-05-11,463.912689
2010-05-12,470.494629
2010-05-13,465.650513
2010-05-14,453.420532
2010-05-17,441.646729
2010-05-18,443.406342
2010-05-19,433.869995
2010-05-20,434.434784
2010-05-21,432.523163
2010-05-24,444.296936
2010-05-25,428.222076
2010-05-26,437.953827
2010-05-27,444.123169
2010-05-28,450.379364
2010-05-31,454.26767
2010-06-01,439.040009
2010-06-02,439.257202
2010-06-03,447.837769
2010-06-04,448.011505
2010-06-07,437.823517
2010-06-08,432.892456
2010-06-09,437.519348
2010-06-10,441.125397
2010-06-11,454.615295
2010-06-14,462.044525
2010-06-15,463.174072
2010-06-16,459.633209
2010-06-17,465.476715
2010-06-18,458.069153
2010-06-21,462.978546
2010-06-22,462.174805
2010-06-23,459.959106
2010-06-24,457.069946
2010-06-25,461.805511
2010-06-28,473.622772
2010-06-29,463.76059
2010-06-30,473.49234
2010-07-01,467.583832
2010-07-02,464.412262
2010-07-05,464.129913
2010-07-06,466.562805
2010-07-07,457.721649
2010-07-08,459.264008
2010-07-09,459.50293
2010-07-12,458.894653
2010-07-13,466.736664
2010-07-14,465.063934
2010-07-15,466.367249
2010-07-16,461.805511
2010-07-19,458.8078
2010-07-20,457.460968
2010-07-21,459.828735
2010-07-22,460.089417
2010-07-23,460.719391
2010-07-26,457.526123
2010-07-27,457.699951
2010-07-28,443.688751
2010-07-29,438.866211
2010-07-30,438.649017
2010-08-02,440.777832
2010-08-03,446.512665
2010-08-04,441.429535
2010-08-05,437.519348
2010-08-06,434.499908
2010-08-09,431.675934
2010-08-10,429.199615
2010-08-11,427.179321
2010-08-12,422.552368
2010-08-13,425.376312
2010-08-16,424.420563
2010-08-17,421.7052
2010-08-18,419.076752
2010-08-19,424.550903
2010-08-20,429.525421
2010-08-23,424.420563
2010-08-24,422.465515
2010-08-25,420.46698
2010-08-26,415.53595
2010-08-27,412.559875
2010-08-30,411.843048
2010-08-31,399.352417
2010-09-01,406.73819
2010-09-02,407.28125
2010-09-03,402.176392
2010-09-06,413.884949
2010-09-07,418.077484
2010-09-08,416.904449
2010-09-09,416.448273
2010-09-13,431.19809
2010-09-14,429.308197
2010-09-15,440.495453
2010-09-16,434.608551
2010-09-17,446.338837
2010-09-20,452.443024
2010-09-21,449.727631
2010-09-22,443.167358
2010-09-23,433.435547
2010-09-24,435.17337
2010-09-27,438.887939
2010-09-28,433.804779
2010-09-29,434.022064
2010-09-30,428.917175
2010-10-01,437.888763
2010-10-04,442.211548
2010-10-05,444.818298
2010-10-06,453.985291
2010-10-07,451.465454
2010-10-08,456.027252
2010-10-11,464.520844
2010-10-12,458.612244
2010-10-13,466.193573
2010-10-14,460.089417
2010-10-15,451.986816
2010-10-18,455.071442
2010-10-19,453.746338
2010-10-20,455.940369
2010-10-21,469.929871
2010-10-22,469.995148
2010-10-25,473.709625
2010-10-26,477.402466
2010-10-27,474.752319
2010-10-28,470.081909
2010-10-29,476.272888
2010-11-01,474.947876
2010-11-02,466.975555
2010-11-03,462.826538
2010-11-04,480.096161
2010-11-08,483.050415
2010-11-09,481.61676
2010-11-10,478.857941
2010-11-11,469.169586
2010-11-12,461.327667
2010-11-15,458.221222
2010-11-16,447.707397
2010-11-18,448.77182
2010-11-19,432.827271
2010-11-22,439.778595
2010-11-23,432.544861
2010-11-24,432.740417
2010-11-25,425.55014
2010-11-26,418.099213
2010-11-29,433.761414
2010-11-30,428.200287
2010-12-01,429.590576
2010-12-02,439.30072
2010-12-03,437.019775
2010-12-06,443.210785
2010-12-07,447.816071
2010-12-08,443.384552
2010-12-09,427.722412
2010-12-10,444.839996
2010-12-13,452.595032
2010-12-14,458.460205
2010-12-15,457.873688
2010-12-16,459.155273
2010-12-20,459.111908
2010-12-21,466.237
2010-12-22,458.8078
2010-12-23,460.263214
2010-12-24,460.393494
2010-12-27,458.460205
2010-12-28,455.266998
2010-12-29,455.571075
2010-12-30,456.700653
2010-12-31,459.959106
2011-01-03,458.612244
2011-01-04,467.953125
2011-01-05,467.388306
2011-01-06,471.645935
2011-01-07,462.869965
2011-01-10,448.989014
2011-01-11,440.430267
2011-01-12,447.837769
2011-01-13,441.125397
2011-01-14,435.108185
2011-01-17,433.544159
2011-01-18,432.219025
2011-01-19,425.83255
2011-01-20,421.357635
2011-01-21,428.721649
2011-01-24,422.11795
2011-01-25,416.426544
2011-01-27,409.562164
2011-01-28,396.658783
2011-01-31,399.395844
2011-02-01,389.055786
2011-02-02,400.26474
2011-02-03,410.083527
2011-02-04,399.699982
2011-02-07,403.631805
2011-02-08,397.636322
2011-02-09,397.223572
2011-02-10,390.858795
2011-02-11,395.33371
2011-02-14,397.440796
2011-02-15,409.127686
2011-02-16,410.192108
2011-02-17,414.449829
2011-02-18,406.45578
2011-02-21,415.492432
2011-02-22,427.874481
2011-02-23,432.566589
2011-02-24,418.902985
2011-02-25,419.79361
2011-02-28,418.924652
2011-03-01,429.612274
2011-03-03,424.637787
2011-03-04,426.723175
2011-03-07,424.485718
2011-03-08,427.917969
2011-03-09,431.784576
2011-03-10,427.831055
2011-03-11,431.002563
2011-03-14,442.428772
2011-03-15,450.640015
2011-03-16,454.919373
2011-03-17,447.859497
2011-03-18,431.415314
2011-03-21,430.242218
2011-03-22,434.304443
2011-03-23,440.213043
2011-03-24,438.931366
2011-03-25,446.013062
2011-03-28,445.62204
2011-03-29,444.340363
2011-03-30,448.576355
2011-03-31,455.7883
2011-04-01,450.270721
2011-04-04,456.4617
2011-04-05,455.158325
2011-04-06,453.941833
2011-04-07,452.660217
2011-04-08,444.839996
2011-04-11,436.759155
2011-04-13,443.927643
2011-04-15,443.55838
2011-04-18,438.431793
2011-04-19,439.517914
2011-04-20,445.708923
2011-04-21,452.095398
2011-04-25,438.518677
2011-04-26,434.956116
2011-04-27,428.417542
2011-04-28,422.465515
2011-04-29,427.396576
2011-05-02,419.141907
2011-05-03,410.083527
2011-05-04,411.712708
2011-05-05,419.799835
2011-05-06,422.053589
2011-05-09,423.931671
2011-05-10,420.15332
2011-05-11,422.230347
2011-05-12,417.833252
2011-05-13,418.93808
2011-05-16,417.612305
2011-05-17,406.851593
2011-05-18,398.543549
2011-05-19,404.575684
2011-05-20,407.978516
2011-05-23,401.880035
2011-05-24,404.686188
2011-05-25,400.377502
2011-05-26,412.684875
2011-05-27,417.811157
2011-05-30,414.894501
2011-05-31,420.639404
2011-06-01,418.407776
2011-06-02,420.285889
2011-06-03,413.016357
2011-06-06,414.408417
2011-06-07,423.467682
2011-06-08,419.468353
2011-06-09,421.589539
2011-06-10,417.391327
2011-06-13,409.039063
2011-06-14,402.74176
2011-06-15,397.969025
2011-06-16,392.224091
2011-06-17,383.916046
2011-06-20,368.227966
2011-06-21,375.033508
2011-06-22,373.774048
2011-06-23,384.689453
2011-06-24,385.087158
2011-06-27,385.153442
2011-06-28,384.954559
2011-06-29,391.207733
2011-06-30,397.06311
2011-07-01,380.911041
2011-07-04,383.761414
2011-07-05,373.840363
2011-07-06,376.911713
2011-07-07,384.777771
2011-07-08,377.773407
2011-07-11,377.088409
2011-07-12,374.635773
2011-07-13,382.457733
2011-07-14,383.385742
2011-07-15,385.882629
2011-07-18,383.407867
2011-07-19,388.644562
2011-07-20,387.208374
2011-07-21,380.424896
2011-07-22,385.948914
2011-07-25,390.147064
2011-07-26,385.131287
2011-07-27,380.424896
2011-07-28,370.039825
2011-07-29,365.885773
2011-08-01,367.167389
2011-08-02,370.017761
2011-08-03,364.604218
2011-08-04,358.991913
2011-08-05,349.998871
2011-08-08,344.983124
2011-08-09,338.199677
2011-08-10,341.492004
2011-08-11,341.248901
2011-08-12,336.255249
2011-08-16,335.481873
2011-08-17,333.647919
2011-08-18,327.549438
2011-08-19,323.726868
2011-08-22,334.531738
2011-08-23,338.177582
2011-08-24,336.431976
2011-08-25,332.985016
2011-08-26,317.915619
2011-08-29,333.669983
2011-08-30,345.844788
2011-09-02,355.942657
2011-09-05,348.606812
2011-09-06,363.0354
2011-09-07,368.338501
2011-09-08,376.712799
2011-09-09,364.913605
2011-09-12,356.318298
2011-09-13,358.063843
2011-09-14,364.758942
2011-09-15,369.575806
2011-09-16,364.869385
2011-09-19,363.057556
2011-09-20,376.425568
2011-09-21,370.15033
2011-09-22,347.502014
2011-09-23,340.54184
2011-09-26,335.503998
2011-09-27,352.296814
2011-09-28,352.296814
2011-09-29,356.937012
2011-09-30,357.224213
2011-10-03,348.31958
2011-10-04,340.983765
2011-10-05,338.950958
2011-10-07,354.815826
2011-10-10,366.460297
2011-10-11,365.465973
2011-10-12,375.475433
2011-10-13,374.260162
2011-10-14,383.098511
2011-10-17,368.471008
2011-10-18,362.3284
2011-10-19,372.536682
2011-10-20,370.636414
2011-10-21,369.332764
2011-10-24,374.083405
2011-10-25,387.097839
2011-10-28,397.725983
2011-10-31,387.804932
2011-11-01,380.314423
2011-11-02,385.263885
2011-11-03,391.494965
2011-11-04,388.86557
2011-11-08,390.522705
2011-11-09,382.236755
2011-11-11,391.251862
2011-11-14,387.429352
2011-11-15,380.690063
2011-11-16,374.790436
2011-11-17,357.931305
2011-11-18,357.11377
2011-11-21,347.502014
2011-11-22,351.412994
2011-11-23,341.779205
2011-11-24,341.668701
2011-11-25,333.117615
2011-11-28,346.375153
2011-11-29,338.067078
2011-11-30,343.922516
2011-12-01,353.092316
2011-12-02,358.859314
2011-12-05,356.517181
2011-12-07,357.86499
2011-12-08,344.187653
2011-12-09,333.957245
2011-12-12,321.495178
2011-12-13,328.035522
2011-12-14,327.858765
2011-12-15,331.504639
2011-12-16,318.998322
2011-12-19,324.942139
2011-12-20,315.286224
2011-12-21,330.554474
2011-12-22,333.449066
2011-12-23,329.847443
2011-12-26,336.299469
2011-12-27,332.786163
2011-12-28,326.599335
2011-12-29,314.601257
2011-12-30,306.226929
2012-01-02,312.23703
2012-01-03,320.235718
2012-01-04,316.479431
2012-01-05,309.12149
2012-01-06,317.098114
2012-01-07,
2012-01-09,312.104401
2012-01-10,325.339874
2012-01-11,330.664948
2012-01-12,325.64917
2012-01-13,323.395447
2012-01-16,315.065277
2012-01-17,327.925079
2012-01-18,344.585358
2012-01-19,347.192749
2012-01-20,350.286133
2012-01-23,340.961639
2012-01-24,346.353058
2012-01-25,349.534821
2012-01-27,362.549347
2012-01-30,351.214142
2012-01-31,361.090973
2012-02-01,367.322052
2012-02-02,366.460297
2012-02-03,370.459686
2012-02-06,368.117523
2012-02-07,373.221649
2012-02-08,379.342255
2012-02-09,377.331451
2012-02-10,372.647156
2012-02-13,375.298645
2012-02-14,375.143982
2012-02-15,369.730499
2012-02-16,359.036072
2012-02-17,361.577118
2012-02-21,372.779724
2012-02-22,368.294281
2012-02-23,371.034149
2012-02-24,362.350464
2012-02-27,345.336639
2012-02-28,351.987549
2012-02-29,362.70401
2012-03-01,358.373199
2012-03-02,359.765259
2012-03-03,
2012-03-05,352.429443
2012-03-06,343.171234
2012-03-07,336.652924
2012-03-09,341.955963
2012-03-12,352.893433
2012-03-13,362.350464
2012-03-14,359.942047
2012-03-15,352.053802
2012-03-16,341.315186
2012-03-19,333.692108
2012-03-20,336.100586
2012-03-21,339.414917
2012-03-22,325.406128
2012-03-23,328.808929
2012-03-26,322.644135
2012-03-27,323.063934
2012-03-28,320.699707
2012-03-29,320.235718
2012-03-30,331.703491
2012-04-02,327.262238
2012-04-03,332.6315
2012-04-04,330.11261
2012-04-09,327.969269
2012-04-10,328.190216
2012-04-11,322.732513
2012-04-12,328.477478
2012-04-13,332.123291
2012-04-16,330.598663
2012-04-17,329.847443
2012-04-18,330.81958
2012-04-19,327.748322
2012-04-20,322.975616
2012-04-23,325.384064
2012-04-24,324.85376
2012-04-25,325.384064
2012-04-26,329.250824
2012-04-27,327.902985
2012-04-30,329.272888
2012-05-02,328.587982
2012-05-03,326.510895
2012-05-04,321.031189
2012-05-07,316.280548
2012-05-08,313.03244
2012-05-09,307.177032
2012-05-10,306.757202
2012-05-11,308.105072
2012-05-14,301.078583
2012-05-15,301.233307
2012-05-16,298.780548
2012-05-17,302.779968
2012-05-18,304.28244
2012-05-21,307.353821
2012-05-22,305.409393
2012-05-23,303.531189
2012-05-24,307.265381
2012-05-25,305.453522
2012-05-28,310.071625
2012-05-29,310.159943
2012-05-30,312.104401
2012-05-31,319.507965
2012-06-01,310.293152
2012-06-04,313.68924
2012-06-05,318.126892
2012-06-06,324.172028
2012-06-07,326.594604
2012-06-08,330.420929
2012-06-11,327.047424
2012-06-12,327.36438
2012-06-13,324.353149
2012-06-14,324.375763
2012-06-15,329.085083
2012-06-18,325.530487
2012-06-19,333.930237
2012-06-20,333.907593
2012-06-21,325.439911
2012-06-22,321.953217
2012-06-25,324.307831
2012-06-26,327.613464
2012-06-27,327.160645
2012-06-28,325.983276
2012-06-29,334.111359
2012-07-02,333.907593
2012-07-03,333.432098
2012-07-04,332.481201
2012-07-05,334.496246
2012-07-06,332.752838
2012-07-09,331.371826
2012-07-10,334.949097
2012-07-11,328.586975
2012-07-12,326.57193
2012-07-13,325.349335
2012-07-16,326.187042
2012-07-17,325.734222
2012-07-18,324.12674
2012-07-19,329.560516
2012-07-20,327.228516
2012-07-23,325.575745
2012-07-24,328.066254
2012-07-25,325.688934
2012-07-26,321.568329
2012-07-27,326.481415
2012-07-30,330.37561
2012-07-31,336.715027
2012-08-01,338.141418
2012-08-02,334.881134
2012-08-03,336.239624
2012-08-06,355.937164
2012-08-07,354.895691
2012-08-08,358.088013
2012-08-09,353.265533
2012-08-10,354.148499
2012-08-13,356.888092
2012-08-14,362.050201
2012-08-16,369.566986
2012-08-17,369.544281
2012-08-21,368.706635
2012-08-22,365.78595
2012-08-23,359.763458
2012-08-24,354.148499
2012-08-27,356.525818
2012-08-28,357.816345
2012-08-29,354.171173
2012-08-30,354.737213
2012-08-31,347.039307
2012-09-03,345.522339
2012-09-04,353.016479
2012-09-05,349.190155
2012-09-06,347.854401
2012-09-07,358.518188
2012-09-08,
2012-09-10,358.654022
2012-09-11,358.178619
2012-09-12,361.393585
2012-09-13,361.86908
2012-09-14,381.159088
2012-09-17,395.649231
2012-09-18,387.430603
2012-09-20,376.97052
2012-09-21,385.03067
2012-09-24,378.713837
2012-09-25,380.253448
2012-09-26,382.517548
2012-09-27,375.770538
2012-09-28,379.098785
2012-10-01,377.42334
2012-10-03,383.128845
2012-10-04,386.208008
2012-10-05,388.426819
2012-10-08,371.038635
2012-10-09,369.182068
2012-10-10,369.499054
2012-10-11,371.287659
2012-10-12,370.812225
2012-10-15,372.691376
2012-10-16,367.891541
2012-10-17,364.585999
2012-10-18,367.370758
2012-10-19,363.521851
2012-10-22,369.317871
2012-10-23,366.759491
2012-10-25,366.963226
2012-10-29,367.3255
2012-10-30,363.725616
2012-10-31,364.744476
2012-11-01,365.468933
2012-11-02,365.853882
2012-11-05,365.038788
2012-11-06,364.721802
2012-11-07,362.638824
2012-11-08,360.714386
2012-11-09,356.661652
2012-11-11,
2012-11-12,356.208862
2012-11-15,355.280548
2012-11-16,351.001465
2012-11-19,350.616547
2012-11-20,346.563812
2012-11-21,349.212799
2012-11-22,346.790253
2012-11-23,350.367493
2012-11-26,350.322235
2012-11-27,356.276764
2012-11-29,361.484131
2012-11-30,359.401245
2012-12-03,364.065247
2012-12-04,373.438538
2012-12-05,377.015778
2012-12-06,382.13266
2012-12-07,377.921448
2012-12-10,375.068695
2012-12-11,371.332916
2012-12-12,377.015778
2012-12-13,377.762939
2012-12-14,380.027008
2012-12-17,377.717651
2012-12-18,376.472412
2012-12-19,380.140259
2012-12-20,379.393066
2012-12-21,373.687592
2012-12-24,371.627289
2012-12-26,375.046021
2012-12-27,370.268829
2012-12-28,380.479858
2012-12-31,380.162903
2013-01-01,380.683624
2013-01-02,383.966553
2013-01-03,389.762634
2013-01-04,390.260712
2013-01-07,387.883423
2013-01-08,385.189178
2013-01-09,386.117432
2013-01-10,384.91745
2013-01-11,380.32135
2013-01-14,383.7854
2013-01-15,383.60434
2013-01-16,390.034302
2013-01-17,403.007538
2013-01-18,407.626282
2013-01-21,416.569427
2013-01-22,416.614685
2013-01-23,417.973145
2013-01-24,414.577026
2013-01-25,413.060089
2013-01-28,406.42627
2013-01-29,399.769867
2013-01-30,407.264038
2013-01-31,401.490631
2013-02-01,404.818787
2013-02-04,401.513275
2013-02-05,396.10202
2013-02-06,396.509613
2013-02-07,395.264374
2013-02-08,391.030487
2013-02-11,393.226685
2013-02-12,396.419037
2013-02-13,398.02652
2013-02-14,387.634399
2013-02-15,382.992981
2013-02-18,383.762756
2013-02-19,384.170349
2013-02-20,396.124664
2013-02-21,389.06073
2013-02-22,390.600311
2013-02-25,386.864563
2013-02-26,372.895142
2013-02-27,376.427124
2013-02-28,368.525452
2013-03-01,366.963226
2013-03-04,367.959412
2013-03-05,374.185699
2013-03-06,378.215759
2013-03-07,378.781799
2013-03-08,385.48349
2013-03-11,382.404327
2013-03-12,383.921265
2013-03-13,382.630737
2013-03-14,389.445648
2013-03-15,382.01947
2013-03-18,377.785583
2013-03-19,373.574371
2013-03-20,372.532898
2013-03-21,367.959412
2013-03-22,367.053802
2013-03-25,366.442535
2013-03-26,354.714539
2013-03-28,349.982605
2013-04-01,352.631622
2013-04-02,359.491791
2013-04-03,351.635376
2013-04-04,347.560028
2013-04-05,353.242859
2013-04-08,357.454132
2013-04-09,351.816498
2013-04-10,352.925903
2013-04-11,349.167572
2013-04-12,351.09198
2013-04-15,359.355957
2013-04-16,364.495361
2013-04-17,350.344849
2013-04-18,353.922089
2013-04-22,357.612549
2013-04-23,363.929382
2013-04-25,371.151825
2013-04-26,358.812592
2013-04-29,358.925751
2013-04-30,356.910706
2013-05-02,363.567139
2013-05-03,362.480347
2013-05-06,372.034821
2013-05-07,375.000793
2013-05-08,375.679993
2013-05-09,370.449951
2013-05-10,376.399567
2013-05-13,371.792694
2013-05-14,369.547089
2013-05-15,379.200745
2013-05-16,389.224823
2013-05-17,386.840332
2013-05-20,384.826263
2013-05-21,383.645599
2013-05-22,379.084991
2013-05-23,363.203979
2013-05-24,364.129944
2013-05-27,383.506683
2013-05-28,390.498047
2013-05-29,392.581604
2013-05-30,387.442261
2013-05-31,373.320587
2013-06-03,364.8013
2013-06-04,361.236176
2013-06-05,371.329681
2013-06-06,366.699615
2013-06-07,362.810364
2013-06-10,365.472656
2013-06-11,363.736389
2013-06-12,366.143982
2013-06-13,365.681
2013-06-14,377.186676
2013-06-17,382.233398
2013-06-18,381.237976
2013-06-19,385.080902
2013-06-20,369.477661
2013-06-21,367.09317
2013-06-24,367.00061
2013-06-25,372.163055
2013-06-26,372.070465
2013-06-27,384.293823
2013-06-28,399.387756
2013-07-01,410.083191
2013-07-02,403.670532
2013-07-03,393.947449
2013-07-04,398.947906
2013-07-05,407.606079
2013-07-08,401.401825
2013-07-09,405.036407
2013-07-10,396.33194
2013-07-11,402.837158
2013-07-12,412.050903
2013-07-15,415.245636
2013-07-16,416.981934
2013-07-17,423.626038
2013-07-18,424.690948
2013-07-19,427.677338
2013-07-22,420.894318
2013-07-23,421.125793
2013-07-24,421.033203
2013-07-25,412.421326
2013-07-26,412.143524
2013-07-29,410.083191
2013-07-30,396.95697
2013-07-31,403.763123
2013-08-01,393.553894
2013-08-02,396.95697
2013-08-05,398.901611
2013-08-06,389.410004
2013-08-07,403.948334
2013-08-08,400.799927
2013-08-12,391.539825
2013-08-13,394.896606
2013-08-14,400.498962
2013-08-16,382.765869
2013-08-19,379.77951
2013-08-20,382.140808
2013-08-21,362.810364
2013-08-22,373.227966
2013-08-23,379.432251
2013-08-26,380.867523
2013-08-27,371.908447
2013-08-28,375.867096
2013-08-29,391.354614
2013-08-30,395.336426
2013-09-02,410.569305
2013-09-03,384.756836
2013-09-04,393.25293
2013-09-05,399.364594
2013-09-06,401.887939
2013-09-10,412.236084
2013-09-11,411.032288
2013-09-12,405.314209
2013-09-13,404.203003
2013-09-16,398.994171
2013-09-17,397.327362
2013-09-18,403.716858
2013-09-19,412.351868
2013-09-20,408.323761
2013-09-23,404.828033
2013-09-24,404.943817
2013-09-25,393.114014
2013-09-26,388.113586
2013-09-27,388.877533
2013-09-30,380.774963
2013-10-01,380.335114
2013-10-03,392.141724
2013-10-04,395.591125
2013-10-07,390.799011
2013-10-08,391.215729
2013-10-09,398.600677
2013-10-10,398.183929
2013-10-11,399.734985
2013-10-14,402.952911
2013-10-15,401.79538
2013-10-17,407.606079
2013-10-18,419.320099
2013-10-21,422.815796
2013-10-22,418.648743
2013-10-23,415.199341
2013-10-24,409.527527
2013-10-25,410.685059
2013-10-28,412.421326
2013-10-29,415.222504
2013-10-30,415.847565
2013-10-31,423.510284
2013-11-01,420.523895
2013-11-05,421.195251
2013-11-06,416.055908
2013-11-07,410.175781
2013-11-08,405.568848
2013-11-11,399.989655
2013-11-12,394.75766
2013-11-13,390.96106
2013-11-14,394.317841
2013-11-18,405.013245
2013-11-19,406.680054
2013-11-20,399.341461
2013-11-21,392.442688
2013-11-22,390.660126
2013-11-25,394.341003
2013-11-26,389.502563
2013-11-27,387.974701
2013-11-28,392.604736
2013-11-29,395.035522
2013-12-02,396.007813
2013-12-03,399.06366
2013-12-04,396.355072
2013-12-05,403.277008
2013-12-06,401.286102
2013-12-09,406.957886
2013-12-10,409.597015
2013-12-11,408.647827
2013-12-12,402.906555
2013-12-13,400.360077
2013-12-16,391.261993
2013-12-17,388.553436
2013-12-18,398.160797
2013-12-19,395.429047
2013-12-20,414.458588
2013-12-23,414.967834
2013-12-24,415.80127
2013-12-26,410.939697
2013-12-27,406.91156
2013-12-30,410.731323
2013-12-31,414.481659
2014-01-01,411.518463
2014-01-02,405.128998
2014-01-03,400.151703
2014-01-06,395.845764
2014-01-07,389.896118
2014-01-08,393.114014
2014-01-09,393.877991
2014-01-10,397.327362
2014-01-13,407.629242
2014-01-14,408.138519
2014-01-15,409.967407
2014-01-16,410.291504
2014-01-17,409.643311
2014-01-20,402.698242
2014-01-21,399.5961
2014-01-22,403.948334
2014-01-23,400.869354
2014-01-24,401.725952
2014-01-27,390.382294
2014-01-28,391.169403
2014-01-29,387.349609
2014-01-30,381.97879
2014-01-31,384.826263
2014-02-03,380.080475
2014-02-04,380.381409
2014-02-05,378.390503
2014-02-06,377.742279
2014-02-07,377.094055
2014-02-10,380.566589
2014-02-11,372.834442
2014-02-12,378.691467
2014-02-13,373.829895
2014-02-14,380.612885
2014-02-17,376.098602
2014-02-18,376.492157
2014-02-19,376.075439
2014-02-20,372.927063
2014-02-21,375.72818
2014-02-24,376.121765
2014-02-25,375.28833
2014-02-26,375.357819
2014-02-28,370.380493
2014-03-03,371.977875
2014-03-04,376.399567
2014-03-05,373.644684
2014-03-06,380.798126
2014-03-07,402.536194
2014-03-10,409.967407
2014-03-11,405.013245
2014-03-12,403.439026
2014-03-13,407.235626
2014-03-14,410.291504
2014-03-18,415.060455
2014-03-19,418.093109
2014-03-20,419.482147
2014-03-21,410.129425
2014-03-22,
2014-03-24,419.204346
2014-03-25,407.119904
2014-03-26,412.629669
2014-03-27,417.051331
2014-03-28,424.181641
2014-03-31,430.941498
2014-04-01,436.428101
2014-04-02,443.651001
2014-04-03,441.081329
2014-04-04,437.192078
2014-04-07,437.145782
2014-04-09,445.479889
2014-04-10,448.674591
2014-04-11,441.590637
2014-04-15,439.437622
2014-04-16,435.826202
2014-04-17,444.067657
2014-04-21,444.299164
2014-04-22,448.072693
2014-04-23,447.794861
2014-04-24,447.794861
2014-04-25,439.044067
2014-04-28,437.539337
2014-04-29,435.36319
2014-04-30,433.279663
2014-05-02,429.714539
2014-05-05,438.395874
2014-05-06,446.035461
2014-05-07,444.87793
2014-05-08,444.62326
2014-05-09,461.893372
2014-05-12,476.292786
2014-05-13,492.35907
2014-05-14,484.071289
2014-05-15,487.729004
2014-05-16,508.876221
2014-05-19,528.113831
2014-05-20,509.159149
2014-05-21,508.475464
2014-05-22,519.037231
2014-05-23,531.602905
2014-05-26,519.461609
2014-05-27,512.978333
2014-05-28,513.42627
2014-05-29,506.188629
2014-05-30,502.015717
2014-06-02,510.267151
2014-06-03,516.49115
2014-06-04,508.051056
2014-06-05,513.897766
2014-06-06,529.221863
2014-06-09,529.339722
2014-06-10,527.288635
2014-06-11,519.650146
2014-06-12,515.901672
2014-06-13,510.125702
2014-06-16,502.369354
2014-06-17,513.968567
2014-06-18,502.982361
2014-06-19,491.35965
2014-06-20,488.719208
2014-06-23,489.402863
2014-06-24,499.728912
2014-06-25,495.556061
2014-06-26,477.120056
2014-06-27,477.214355
2014-06-30,478.770355
2014-07-01,475.281158
2014-07-02,480.114166
2014-07-03,474.573944
2014-07-04,486.573822
2014-07-07,484.334137
2014-07-08,469.17511
2014-07-09,471.957062
2014-07-10,470.188873
2014-07-11,455.713531
2014-07-14,453.473907
2014-07-15,458.401154
2014-07-16,466.652588
2014-07-17,463.25769
2014-07-18,460.546539
2014-07-21,470.401062
2014-07-22,486.102325
2014-07-23,487.186798
2014-07-24,490.864594
2014-07-25,481.811554
2014-07-28,474.149536
2014-07-30,474.408905
2014-07-31,474.550323
2014-08-01,460.33432
2014-08-04,464.436462
2014-08-05,463.894226
2014-08-06,465.921722
2014-08-07,466.463959
2014-08-08,462.314697
2014-08-11,462.314697
2014-08-12,464.153564
2014-08-13,466.864746
2014-08-14,472.900085
2014-08-18,477.662323
2014-08-19,475.894165
2014-08-20,470.73111
2014-08-21,469.1987
2014-08-22,470.70755
2014-08-25,469.528748
2014-08-26,468.373566
2014-08-27,468.538605
2014-08-28,470.896149
2014-09-01,478.157379
2014-09-02,482.731018
2014-09-03,486.243774
2014-09-04,483.721222
2014-09-05,483.603333
2014-09-08,489.284973
2014-09-09,487.068909
2014-09-10,478.982544
2014-09-11,480.656403
2014-09-12,478.864655
2014-09-15,472.805756
2014-09-16,461.796051
2014-09-17,466.157471
2014-09-18,473.819519
2014-09-19,469.363739
2014-09-22,467.524841
2014-09-23,455.407074
2014-09-24,455.029846
2014-09-25,438.432709
2014-09-26,440.035858
2014-09-29,439.988739
2014-09-30,445.906158
2014-10-01,437.183258
2014-10-07,436.688171
2014-10-08,441.662598
2014-10-09,450.12619
2014-10-10,452.955261
2014-10-13,451.658569
2014-10-14,453.238129
2014-10-15,453.238129
2014-10-16,438.975006
2014-10-17,442.228424
2014-10-20,440.884583
2014-10-21,438.196991
2014-10-22,445.882629
2014-10-27,443.855072
2014-10-28,440.413086
2014-10-29,448.68808
2014-10-30,461.725281
2014-10-31,471.768433
2014-11-03,472.617126
2014-11-05,467.406982
2014-11-07,462.314697
2014-11-10,457.057343
2014-11-11,460.994476
2014-11-12,459.273438
2014-11-13,457.010193
2014-11-14,456.963074
2014-11-17,464.530792
2014-11-18,466.157471
2014-11-19,461.206635
2014-11-20,462.432587
2014-11-21,470.424652
2014-11-24,464.601501
2014-11-25,468.208527
2014-11-26,465.403076
2014-11-27,466.157471
2014-11-28,467.548431
2014-12-01,453.403137
2014-12-02,453.898254
2014-12-03,456.585815
2014-12-04,451.965057
2014-12-05,451.399231
2014-12-08,445.387482
2014-12-09,443.147827
2014-12-10,439.705811
2014-12-11,427.257965
2014-12-12,416.036072
2014-12-15,414.362213
2014-12-16,407.666779
2014-12-17,409.977173
2014-12-18,414.975128
2014-12-19,424.617523
2014-12-22,426.66861
2014-12-23,421.411285
2014-12-24,416.884796
2014-12-26,419.100861
2014-12-29,422.943695
2014-12-30,414.998779
2014-12-31,420.185364
2015-01-01,418.652954
2015-01-02,417.544861
2015-01-05,412.971252
2015-01-06,394.228729
2015-01-07,402.810211
2015-01-08,397.034241
2015-01-09,405.639252
2015-01-12,400.924194
2015-01-13,397.552917
2015-01-14,393.686554
2015-01-15,407.50174
2015-01-16,410.071472
2015-01-19,414.763
2015-01-20,425.796295
2015-01-21,427.540863
2015-01-22,416.696167
2015-01-23,418.181427
2015-01-27,419.19516
2015-01-28,427.588013
2015-01-29,438.220581
2015-01-30,431.548706
2015-02-02,428.153809
2015-02-03,442.086914
2015-02-04,437.937653
2015-02-05,435.532959
2015-02-06,429.026154
2015-02-09,422.802216
2015-02-10,415.871033
2015-02-11,424.688263
2015-02-12,428.672485
2015-02-13,432.609589
2015-02-16,425.678436
2015-02-18,425.1362
2015-02-19,425.324768
2015-02-20,411.674591
2015-02-23,401.466431
2015-02-24,396.751343
2015-02-25,397.552917
2015-02-26,397.010651
2015-02-27,403.399597
2015-02-28,
2015-03-02,407.50174
2015-03-03,424.735413
2015-03-04,418.629333
2015-03-05,417.261963
2015-03-09,410.047913
2015-03-10,405.097076
2015-03-11,403.588226
2015-03-12,407.289551
2015-03-13,400.829865
2015-03-16,397.0578
2015-03-17,404.012573
2015-03-18,409.576385
2015-03-19,403.682526
2015-03-20,402.715912
2015-03-23,396.987122
2015-03-24,399.816162
2015-03-25,398.378052
2015-03-26,391.022491
2015-03-27,382.723969
2015-03-30,382.276031
2015-03-31,389.466522
2015-04-01,394.2052
2015-04-06,388.829987
2015-04-07,392.69635
2015-04-08,408.279755
2015-04-09,422.047821
2015-04-10,426.409271
2015-04-13,434.967133
2015-04-15,435.50943
2015-04-16,437.725494
2015-04-17,437.018188
2015-04-20,417.592072
2015-04-21,413.254181
2015-04-22,414.81012
2015-04-23,413.537079
2015-04-24,414.409363
2015-04-27,412.711914
2015-04-28,407.949707
2015-04-29,400.782745
2015-04-30,406.605865
2015-05-04,420.091034
2015-05-05,420.656891
2015-05-06,415.045898
2015-05-07,410.566559
2015-05-08,429.363586
2015-05-11,432.379822
2015-05-12,419.229126
2015-05-13,427.143646
2015-05-14,423.813782
2015-05-15,421.762756
2015-05-18,430.256378
2015-05-19,432.186737
2015-05-20,438.605255
2015-05-21,432.765869
2015-05-22,436.192261
2015-05-25,431.680023
2015-05-26,426.902344
2015-05-27,427.240173
2015-05-28,422.655518
2015-05-29,423.23465
2015-06-01,435.420135
2015-06-02,433.6828
2015-06-03,432.572815
2015-06-04,440.463226
2015-06-05,438.074402
2015-06-08,427.312561
2015-06-09,426.468048
2015-06-10,437.133331
2015-06-11,423.307037
2015-06-12,429.435974
2015-06-15,435.178833
2015-06-16,436.24057
2015-06-17,449.391205
2015-06-18,472.435059
2015-06-19,480.97699
2015-06-22,478.588135
2015-06-23,480.180695
2015-06-24,478.202057
2015-06-25,484.789459
2015-06-26,482.931488
2015-06-29,478.177917
2015-06-30,482.641907
2015-07-01,485.320313
2015-07-02,487.829773
2015-07-03,486.068329
2015-07-06,490.097961
2015-07-07,484.162079
2015-07-08,480.95285
2015-07-09,476.513
2015-07-10,483.462341
2015-07-13,485.971832
2015-07-14,481.531952
2015-07-15,487.974579
2015-07-16,494.031128
2015-07-17,493.065948
2015-07-20,494.537842
2015-07-21,486.35788
2015-07-22,506.916382
2015-07-23,504.45517
2015-07-24,494.682648
2015-07-27,485.175507
2015-07-28,487.540253
2015-07-29,480.6633
2015-07-30,482.666046
2015-07-31,483.48645
2015-08-03,483.776031
2015-08-04,476.802551
2015-08-05,476.681885
2015-08-06,472.435059
2015-08-07,475.041077
2015-08-10,467.584991
2015-08-11,466.185486
2015-08-12,455.037598
2015-08-13,450.428802
2015-08-14,466.643951
2015-08-17,458.801788
2015-08-18,455.616669
2015-08-19,460.683899
2015-08-20,442.200562
2015-08-21,438.170929
2015-08-24,400.335571
2015-08-25,409.311829
2015-08-26,411.845459
2015-08-27,419.446289
2015-08-28,421.01474
2015-08-31,413.051941
2015-09-01,405.306274
2015-09-02,409.987427
2015-09-03,412.062561
2015-09-04,403.400055
2015-09-07,402.097046
2015-09-08,409.528961
2015-09-09,421.810974
2015-09-10,418.408691
2015-09-11,415.489014
2015-09-14,416.888519
2015-09-15,418.408691
2015-09-16,421.087097
2015-09-18,432.11438
2015-09-21,423.765472
2015-09-22,409.191193
2015-09-23,410.373505
2015-09-24,404.099792
2015-09-28,402.60376
2015-09-29,405.740631
2015-09-30,416.140503
2015-10-01,417.298767
2015-10-05,428.543182
2015-10-06,433.393219
2015-10-07,440.99408
2015-10-08,429.074005
2015-10-09,428.229492
2015-10-12,430.352905
2015-10-13,431.245697
2015-10-14,435.757935
2015-10-15,436.119904
2015-10-16,441.476685
2015-10-19,464.979004
2015-10-20,461.697388
2015-10-21,460.876953
2015-10-23,461.190643
2015-10-26,455.013397
2015-10-27,453.420868
2015-10-28,452.166138
2015-10-29,454.120636
2015-10-30,457.354004
2015-11-02,463.19339
2015-11-03,466.764587
2015-11-04,459.091339
2015-11-05,451.997223
2015-11-06,459.622223
2015-11-09,463.893158
2015-11-10,445.313293
2015-11-13,450.284027
2015-11-16,450.887268
2015-11-17,447.726257
2015-11-18,440.125427
2015-11-19,451.104431
2015-11-20,456.943817
2015-11-23,460.273712
2015-11-24,467.00589
2015-11-26,477.116241
2015-11-27,472.483307
2015-11-30,466.716339
2015-12-01,466.137238
2015-12-02,471.952484
2015-12-03,471.590515
2015-12-04,465.920044
2015-12-07,459.453278
2015-12-08,454.072388
2015-12-09,442.007568
2015-12-10,458.632874
2015-12-11,459.887634
2015-12-14,460.925171
2015-12-15,470.963165
2015-12-16,472.290283
2015-12-17,487.274811
2015-12-18,478.684662
2015-12-21,478.781158
2015-12-22,476.464691
2015-12-23,484.427521
2015-12-24,482.8591
2015-12-28,487.612671
2015-12-29,490.025604
2015-12-30,484.76532
2015-12-31,489.639496
2016-01-01,490.001465
2016-01-04,480.325439
2016-01-05,485.079041
2016-01-06,498.133148
2016-01-07,488.988037
2016-01-08,495.020447
2016-01-11,507.495483
2016-01-12,504.527527
2016-01-13,519.680969
2016-01-14,512.345581
2016-01-15,517.967773
2016-01-18,490.725372
2016-01-19,503.634735
2016-01-20,484.789459
2016-01-21,474.968689
2016-01-22,484.596436
2016-01-25,484.499939
2016-01-27,482.279968
2016-01-28,490.749512
2016-01-29,499.67749
2016-02-01,497.216278
2016-02-02,483.148682
2016-02-03,473.617432
2016-02-04,469.587769
2016-02-05,468.550201
2016-02-08,463.796631
2016-02-09,462.083435
2016-02-10,464.568787
2016-02-11,446.181976
2016-02-12,437.49527
2016-02-15,456.895538
2016-02-16,449.077515
2016-02-17,459.718689
2016-02-18,453.68631
2016-02-19,455.737305
2016-02-22,464.399872
2016-02-23,458.295105
2016-02-24,459.742859
2016-02-25,455.616669
2016-02-26,458.632874
2016-02-29,466.499176
2016-03-01,473.569153
2016-03-02,483.317566
2016-03-03,488.794983
2016-03-04,485.682281
2016-03-08,495.623688
2016-03-09,502.717804
2016-03-10,488.26413
2016-03-11,489.591278
2016-03-14,492.124878
2016-03-15,492.486847
2016-03-16,493.090088
2016-03-17,500.604065
2016-03-18,506.122528
2016-03-21,511.09903
2016-03-22,516.29718
2016-03-23,507.107971
2016-03-28,502.772064
2016-03-29,510.581665
2016-03-30,515.903076
2016-03-31,514.991516
2016-04-01,509.694733
2016-04-04,509.990417
2016-04-05,505.999329
2016-04-06,509.349854
2016-04-07,511.074371
2016-04-08,510.63092
2016-04-11,512.577209
2016-04-12,516.0755
2016-04-13,525.264771
2016-04-18,524.624207
2016-04-20,511.09903
2016-04-21,512.996033
2016-04-22,511.911987
2016-04-25,501.047546
2016-04-26,501.072174
2016-04-27,502.279327
2016-04-28,491.094574
2016-04-29,484.196472
2016-05-02,486.290558
2016-05-03,480.796692
2016-05-04,481.929962
2016-05-05,480.525696
2016-05-06,477.42157
2016-05-09,484.393555
2016-05-10,484.122559
2016-05-11,480.59964
2016-05-12,489.172943
2016-05-13,481.95462
2016-05-16,480.870636
2016-05-17,477.520142
2016-05-18,478.20993
2016-05-19,468.675781
2016-05-20,460.29953
2016-05-23,458.230103
2016-05-24,463.379028
2016-05-25,468.675781
2016-05-26,466.53244
2016-05-27,480.25473
2016-05-30,477.298401
2016-05-31,471.952362
2016-06-01,469.858307
2016-06-02,471.164032
2016-06-03,472.839294
2016-06-06,470.449585
2016-06-07,470.572754
2016-06-08,470.104645
2016-06-09,478.505554
2016-06-10,481.240173
2016-06-13,483.408112
2016-06-14,481.018433
2016-06-15,485.132629
2016-06-16,481.04306
2016-06-17,480.353271
2016-06-20,487.891876
2016-06-21,486.364441
2016-06-22,483.112488
2016-06-23,483.08786
2016-06-24,468.798981
2016-06-27,470.868408
2016-06-28,471.927734
2016-06-29,476.411499
2016-06-30,477.520142
2016-07-01,479.638824
2016-07-04,486.167358
2016-07-05,489.32077
2016-07-07,486.758636
2016-07-08,482.077789
2016-07-11,489.025146
2016-07-12,494.395813
2016-07-13,497.03186
2016-07-14,495.134888
2016-07-15,498.73175
2016-07-18,495.800049
2016-07-19,501.490967
2016-07-20,504.053131
2016-07-21,495.849304
2016-07-22,500.037445
2016-07-25,503.929932
2016-07-26,504.570496
2016-07-27,499.175171
2016-07-28,505.703705
2016-07-29,500.062103
2016-08-01,497.401398
2016-08-02,499.027374
2016-08-03,489.739594
2016-08-04,489.271515
2016-08-05,500.727264
2016-08-08,507.132629
2016-08-09,507.847046
2016-08-10,494.518982
2016-08-11,499.667877
2016-08-12,510.359955
2016-08-16,504.989288
2016-08-17,499.273712
2016-08-18,501.614136
2016-08-19,500.062103
2016-08-22,498.559265
2016-08-23,497.869476
2016-08-24,502.82132
2016-08-25,498.978088
2016-08-26,506.467468
2016-08-29,521.027344
2016-08-30,525.437195
2016-08-31,522.283752
2016-09-01,507.107971
2016-09-02,499.29834
2016-09-06,502.525696
2016-09-07,501.417084
2016-09-08,509.177429
2016-09-09,514.671265
2016-09-12,515.63208
2016-09-14,514.769775
2016-09-15,524.747375
2016-09-16,529.945618
2016-09-19,533.32074
2016-09-20,529.280396
2016-09-21,528.31958
2016-09-22,536.548035
2016-09-23,543.372253
2016-09-26,545.540161
2016-09-27,547.166138
2016-09-28,537.385681
2016-09-29,528.418152
2016-09-30,533.961243
2016-10-03,537.410278
2016-10-04,540.194153
2016-10-05,536.769775
2016-10-06,547.314026
2016-10-07,546.427063
2016-10-10,540.194153
2016-10-13,520.879517
2016-10-14,530.980286
2016-10-17,522.604065
2016-10-18,532.680176
2016-10-19,535.759644
2016-10-20,535.858276
2016-10-21,524.353149
2016-10-24,523.90979
2016-10-25,522.702576
2016-10-26,519.352112
2016-10-27,516.716003
2016-10-28,519.795532
2016-11-01,517.849304
2016-11-02,504.422668
2016-11-03,504.52121
2016-11-04,495.455139
2016-11-07,493.28717
2016-11-08,494.445068
2016-11-09,494.987061
2016-11-10,497.844849
2016-11-11,493.582794
2016-11-15,485.526825
2016-11-16,486.093445
2016-11-17,481.757507
2016-11-18,486.561523
2016-11-21,488.53241
2016-11-22,493.434998
2016-11-23,497.155029
2016-11-24,486.48761
2016-11-25,489.616425
2016-11-28,486.142731
2016-11-29,491.58728
2016-11-30,487.817963
2016-12-01,491.611908
2016-12-02,490.133759
2016-12-05,489.690308
2016-12-06,495.282684
2016-12-07,492.301758
2016-12-08,502.599579
2016-12-09,506.984772
2016-12-12,506.122528
2016-12-13,512.330872
2016-12-14,522.037415
2016-12-15,518.810059
2016-12-16,520.879517
2016-12-19,523.540222
2016-12-20,521.249084
2016-12-21,523.885132
2016-12-22,519.007202
2016-12-23,520.95343
2016-12-26,516.100098
2016-12-27,524.599548
2016-12-28,517.20874
2016-12-29,524.969055
2016-12-30,533.32074
2017-01-02,534.651062
2017-01-03,536.769775
2017-01-04,525.806763
2017-01-05,530.857117
2017-01-06,529.649902
2017-01-09,531.004883
2017-01-10,536.991455
2017-01-11,535.119202
2017-01-12,533.76416
2017-01-13,537.262512
2017-01-16,530.290466
2017-01-17,513.045288
2017-01-18,508.758636
2017-01-19,509.325195
2017-01-20,505.43277
2017-01-23,500.55481
2017-01-24,506.171844
2017-01-25,501.244598
2017-01-27,505.08783
2017-01-30,514.794434
2017-01-31,514.991516
2017-02-01,517.184143
2017-02-02,514.15387
2017-02-03,509.300598
2017-02-06,513.242371
2017-02-07,507.945618
2017-02-08,505.112488
2017-02-09,508.857147
2017-02-10,507.57608
2017-02-13,507.428253
2017-02-14,517.258057
2017-02-15,517.997131
2017-02-16,525.979187
2017-02-17,529.920959
2017-02-20,529.871704
2017-02-21,536.178467
2017-02-22,594.960083
2017-02-23,582.765198
2017-02-27,610.431519
2017-02-28,610.012695
2017-03-01,608.263489
2017-03-02,609.372131
2017-03-03,620.113464
2017-03-06,643.172729
2017-03-07,642.975647
2017-03-08,636.200745
2017-03-09,634.008179
2017-03-10,631.4953
2017-03-14,635.363159
2017-03-15,642.975647
2017-03-16,639.378845
2017-03-17,640.881592
2017-03-20,631.076477
2017-03-21,622.700256
2017-03-22,620.680054
2017-03-23,627.381104
2017-03-24,634.008179
2017-03-27,616.442688
2017-03-28,613.806641
2017-03-29,619.177307
2017-03-30,626.075378
2017-03-31,650.834595
2017-04-03,677.318298
2017-04-05,697.199585
2017-04-06,708.778503
2017-04-07,693.06073
2017-04-10,680.619507
2017-04-11,676.184998
2017-04-12,667.143616
2017-04-13,672.465027
2017-04-17,685.793091
2017-04-18,675.125671
2017-04-19,674.435913
2017-04-20,674.80542
2017-04-21,691.040588
2017-04-24,698.382141
2017-04-25,705.970032
2017-04-26,697.914001
2017-04-27,694.489624
2017-04-28,687.443665
2017-05-02,675.298157
2017-05-03,675.076416
2017-05-04,669.089844
2017-05-05,654.456055
2017-05-08,651.080933
2017-05-09,655.490784
2017-05-10,669.656494
2017-05-11,669.878235
2017-05-12,665.394409
2017-05-15,662.265686
2017-05-16,668.276917
2017-05-17,666.700134
2017-05-18,654.012573
2017-05-19,649.824463
2017-05-22,652.435913
2017-05-23,643.271301
2017-05-24,639.403442
2017-05-25,641.743835
2017-05-26,658.915222
2017-05-29,668.57251
2017-05-30,669.779663
2017-05-31,660.590393
2017-06-01,654.456055
2017-06-02,652.731567
2017-06-05,654.998047
2017-06-06,646.843567
2017-06-07,659.752808
2017-06-08,656.155945
2017-06-09,658.126831
2017-06-12,650.120117
2017-06-13,647.607239
2017-06-14,668.868164
2017-06-15,681.900574
2017-06-16,684.290344
2017-06-19,694.366455
2017-06-20,695.89386
2017-06-21,700.648621
2017-06-22,705.896118
2017-06-23,707.472778
2017-06-27,708.113342
2017-06-28,689.069702
2017-06-29,686.211853
2017-06-30,679.954346
2017-07-03,680.471741
2017-07-04,700.623962
2017-07-05,710.823303
2017-07-06,710.774048
2017-07-07,734.720276
2017-07-10,735.557861
2017-07-11,736.296936
2017-07-12,744.549988
2017-07-13,761.049988
2017-07-14,766.875
2017-07-17,775.875
2017-07-18,759.950012
2017-07-19,766.474976
2017-07-20,764.450012
2017-07-21,792.5
2017-07-24,807.625
2017-07-25,801.075012
2017-07-26,811.375
2017-07-27,797.400024
2017-07-28,797.224976
2017-07-31,807.599976
2017-08-01,801.799988
2017-08-02,814.599976
2017-08-03,825.049988
2017-08-04,811.075012
2017-08-07,808.174988
2017-08-08,801.275024
2017-08-09,799.400024
2017-08-10,792.174988
2017-08-11,773.125
2017-08-14,786.525024
2017-08-16,783.049988
2017-08-17,783.549988
2017-08-18,787.700012
2017-08-21,782.200012
2017-08-22,780.025024
2017-08-23,791.025024
2017-08-24,784.025024
2017-08-28,783.275024
2017-08-29,766.075012
2017-08-30,782.049988
2017-08-31,797.25
2017-09-01,805.049988
2017-09-04,806.674988
2017-09-05,816.299988
2017-09-06,822.700012
2017-09-07,818.099976
2017-09-08,816.900024
2017-09-11,817.900024
2017-09-12,823.75
2017-09-13,849.0
2017-09-14,843.849976
2017-09-15,841.799988
2017-09-18,845.549988
2017-09-19,838.599976
2017-09-20,847.150024
2017-09-21,841.349976
2017-09-22,817.400024
2017-09-25,821.549988
2017-09-26,820.099976
2017-09-27,799.150024
2017-09-28,786.450012
2017-09-29,780.900024
2017-10-03,798.349976
2017-10-04,818.849976
2017-10-05,824.150024
2017-10-06,837.049988
2017-10-09,830.650024
2017-10-10,843.200012
2017-10-11,840.150024
2017-10-12,872.75
2017-10-13,876.450012
2017-10-16,876.799988
2017-10-17,874.349976
2017-10-18,914.5
2017-10-23,939.75
2017-10-24,934.25
2017-10-25,939.900024
2017-10-26,947.400024
2017-10-27,929.849976
