Date,Open,High,Low,Close,Adj Close,Volume
24/9/12,650,652.474976,643.786987,650.036987,493.629608,4427016
25/9/12,647.5,652.75,647.013,649.513,493.231628,4424876
26/9/12,644.5,650,641.786987,647.325012,491.57019,4244952
27/9/12,648.125,648.25,633.687988,637.338013,483.986115,6911440
28/9/12,640.25,644.974976,631.549988,633.737,481.251648,4842612
1/10/12,637.825012,655.049988,637.25,652.411987,495.433075,4413144
3/10/12,652.411987,654.786987,640.125,644.562012,489.472015,3911812
4/10/12,643.775024,648.724976,639.263,643.911987,488.978363,3582140
5/10/12,646.25,646.25,515.138,631.713013,479.714661,5816000
8/10/12,631.200012,635.724976,615,622.049988,472.376587,4038720
9/10/12,626.25,637.5,621,634.062012,481.498352,4542160
10/10/12,626.775024,632.036987,622.400024,626.036987,475.404297,2966052
11/10/12,624,645.013,620.299988,633.299988,480.919678,7483200
12/10/12,587.5,611.963013,577.75,598.838013,454.749756,28350888
15/10/12,596.424988,603,588.200012,591.400024,449.101471,7395060
16/10/12,594.974976,597.25,586.75,588.924988,447.221924,3641024
17/10/12,594.013,594.75,589.312012,592.536987,449.964874,2853660
18/10/12,591,599.25,586.275024,594.400024,463.102966,5096288
19/10/12,591.5,599.25,591.5,595.838013,464.223389,5468600
22/10/12,592.062012,599.5,592.062012,596.388,464.651855,2283432
23/10/12,590.5,596,587.5,588.275024,458.331024,2371572
25/10/12,588.275024,589.275024,582.536987,586.187988,456.704926,5628388
29/10/12,583.674988,586.200012,576.825012,583.875,454.902832,4078476
30/10/12,581.5,591.25,581.5,589.588013,459.353912,2864128
31/10/12,587.5,593.625,586.388,590.75,460.259247,3258660
1/11/12,590.5,592.5,585.275024,591.161987,460.580231,3505488
2/11/12,592.75,601.150024,592.275024,597.025024,465.148193,3524608
5/11/12,595.775024,597.650024,591.875,594.612,463.268188,2479600
6/11/12,596,601.625,592.812012,595.411987,463.891418,3407884
7/11/12,595.5,603.5,593.763,601.099976,468.323029,2347632
8/11/12,593,596.138,591.25,593.825012,462.65506,2614580
9/11/12,591.25,591.25,586.25,587.174988,457.473938,2969460
12/11/12,588.75,592.25,583.388,589.737,459.470032,1848096
15/11/12,588.5,590,569.700012,574.075012,447.267639,4848152
16/11/12,572.75,596.75,572.75,585.838013,456.43222,6846552
19/11/12,586,595.299988,584.161987,589.638,459.392883,2018064
20/11/12,594.286987,594.286987,578.200012,581.187988,452.809387,2720152
21/11/12,582.424988,590.974976,580.349976,587.463013,457.698334,3494904
22/11/12,587,598,583.75,595.650024,464.076904,2913656
23/11/12,595.5,599.75,589.263,594.388,463.093628,1738868
26/11/12,597.687988,605.25,597.687988,604.349976,470.855133,1894028
27/11/12,605.5,620,605.463013,617.661987,481.226654,2858652
29/11/12,617.661987,617.661987,606.625,611.312012,476.279266,5182548
30/11/12,610.400024,619.112,606.263,609.213013,474.643982,3525356
3/12/12,609.25,613.25,606.088013,609.786987,475.091125,2601492
4/12/12,607.25,611.75,603.75,609.362,474.759979,2255144
5/12/12,607.25,607.5,594.375,595.625,464.057465,6997512
6/12/12,598.5,598.5,578.487,584.575012,455.448273,5505964
7/12/12,580.25,587.125,577.775024,580.286987,452.107452,4742956
10/12/12,580.237,586,574.75,578.388,450.627899,3414960
11/12/12,579,584.013,570.713013,573.513,446.829773,5692212
12/12/12,577.5,580.950012,571.562012,574.450012,447.559753,7679844
13/12/12,576.237,578.411987,568.099976,570.888,444.784576,4983556
14/12/12,568.25,573.763,566.5,569.700012,443.859039,4253996
17/12/12,566.75,572.963013,564.237,566.562012,441.414154,5480820
18/12/12,565,568.549988,561.25,567.75,442.339691,4146000
19/12/12,568.5,574.974976,567.513,574.036987,447.237915,4995948
20/12/12,576.525024,577.5,569.5,574.900024,447.91037,4220864
21/12/12,574.75,580.325012,571.700012,574.213013,447.375122,3462008
24/12/12,580.275024,582.099976,578.25,580.575012,452.331787,2161996
26/12/12,580.575012,582.724976,576.088013,578.812012,450.958252,1631780
27/12/12,581.950012,582.25,569.161987,571.937988,445.60257,4055116
28/12/12,575.525024,581.375,572.112,580.799988,452.50705,3532128
31/12/12,578.75,581.025024,575.924988,579.674988,451.630524,1725912
1/1/13,581.900024,582.474976,576.388,577.213013,449.712372,1479996
2/1/13,579.049988,582,575.875,577.299988,449.780212,2174972
3/1/13,578.75,587.213013,577.75,584.474976,455.3703,5299644
4/1/13,587.099976,588.737,583,587.388,457.639893,4227004
7/1/13,587.775024,594.974976,583.888,593.700012,462.557648,4380812
8/1/13,591.25,591.987,580.875,586,456.558441,6433712
9/1/13,585.049988,590.450012,580.825012,582.75,454.026276,3074984
10/1/13,582.75,585.661987,577.299988,580.575012,452.331787,5450508
11/1/13,630.25,680.5,630.25,678.025024,528.256104,46426284
14/1/13,689.950012,709.237,688.062012,701.625,546.643005,25462380
15/1/13,701.5,702.362,693.625,696.763,542.855042,10188940
16/1/13,695.25,697.200012,688.875,691.862,539.036621,5830412
17/1/13,698,701.661987,694.799988,699.487,544.977295,5883536
18/1/13,701.25,702.5,694.362,697.013,543.049805,3645296
21/1/13,690.763,702.650024,690.763,699.075012,544.65625,2949780
22/1/13,698.400024,699.661987,694.25,695.888,542.173401,2555140
23/1/13,695.25,699.5,695.25,697.400024,543.351257,3729356
24/1/13,702.5,707,697.687988,699.549988,545.026367,5605648
25/1/13,702.5,707,697.786987,703.661987,548.230103,4221268
28/1/13,703,706.900024,700.25,702.661987,547.450989,3361504
29/1/13,701.5,706.25,697.138,699.75,545.18219,3098592
30/1/13,701.187988,701.487,695.138,697.661987,543.55542,3402764
31/1/13,698,701.775024,692.5,697.375,543.331848,8740220
1/2/13,697.775024,700.474976,688,692.737,539.718323,3949824
4/2/13,695.25,697.5,686.25,691.900024,539.066223,3750008
5/2/13,690.812012,695.588013,686.388,688.974976,536.787354,3083056
6/2/13,693.812012,697.013,688.963013,694,540.702332,4548672
7/2/13,696.5,699.75,695.013,697.375,543.331848,5352236
8/2/13,695.786987,704.174988,693.062012,697.362,543.321777,2741348
11/2/13,700.312012,703.737,696.224976,698.013,543.828918,3697396
12/2/13,692.5,693.525024,685.437988,688.812012,536.660278,2221196
13/2/13,689.25,699.286987,686.25,697.388,543.34198,3161444
14/2/13,698.599976,707,698.588013,703.187988,547.860779,3447000
15/2/13,697.5,702.125,694.075012,697.150024,543.156555,2597128
18/2/13,695.75,696.674988,690.75,695.025024,541.500977,1377392
19/2/13,695.025024,706.25,691.763,705.112,549.359741,2321672
20/2/13,706.312012,708.088013,702.125,704.862,549.1651,2772612
21/2/13,700.400024,704.974976,698.286987,701.950012,546.89624,2779372
22/2/13,699.674988,713.75,699.275024,710.138,553.275635,4351768
25/2/13,717.5,730.5,716.900024,729.450012,568.321777,5228824
26/2/13,729,742.349976,729,739.950012,576.502441,6086772
27/2/13,737,737,725.525024,727.638,566.910034,3514880
28/2/13,728.825012,733.963013,721.349976,726.75,566.21814,5904052
1/3/13,728.5,740.349976,723,728.450012,567.542725,4207316
4/3/13,731.5,735.625,718.036987,725.862,565.526367,5054160
5/3/13,731.138,734.849976,728.312012,730.325012,569.00354,3585972
6/3/13,736.75,744.174988,731.562012,742.525024,578.508667,6102740
7/3/13,745.312012,752.450012,745,751.088013,585.180176,6857680
8/3/13,747,747.25,739.312012,742.562012,578.537537,3081448
11/3/13,745.450012,747.5,732.5,736.437988,573.766235,2433080
12/3/13,735,736.174988,728,729.525024,568.38031,2857028
13/3/13,722.5,722.5,712.525024,715.862,557.735229,5365068
14/3/13,716.5,722.224976,710.724976,718.525024,559.810059,4166160
15/3/13,719.088013,727.911987,717.013,719.562012,560.617981,3630396
18/3/13,716.562012,722.5,712.75,715.187988,557.210144,3223412
19/3/13,718.75,721.549988,710.275024,714,556.284546,5988072
20/3/13,716.200012,718.674988,706.888,716.411987,558.163757,4497320
21/3/13,720.75,723.625,715.5,718.200012,559.556702,4970040
22/3/13,712.487,718.875,707.5,715.799988,557.686951,3685144
25/3/13,711.299988,716.25,708.161987,713.187988,555.651917,2518428
26/3/13,711.25,717.411987,708.5,713.638,556.002441,1707792
28/3/13,713.638,724.237,712.799988,722.338013,562.780762,6174024
1/4/13,722.338013,738.388,722.338013,736.049988,573.463928,3711020
2/4/13,732.5,747.424988,728.713013,742.263,578.304504,4860444
3/4/13,737.224976,749.888,737,742.112,578.18689,4177736
4/4/13,736.25,737.286987,718.013,720.013,560.969299,3749980
5/4/13,719.75,724.75,712.5,716.463013,558.203491,2186480
8/4/13,712.5,718.411987,706.812012,707.974976,551.590393,1858180
9/4/13,708.388,709.737,689.062012,691.588013,538.82312,5420328
10/4/13,700.75,706.950012,694.062012,703.911987,548.424927,3275808
11/4/13,716.625,733.900024,708.724976,729.174988,568.107605,8509336
12/4/13,656.263,656.263,567.174988,574.161987,447.335327,49013872
15/4/13,572.5,589.25,551,584.763,455.594696,33279988
16/4/13,579.75,581.5,571.75,574.062012,447.257477,7150868
17/4/13,575,577.987,562.5,570.963013,444.843018,7574572
18/4/13,571.599976,580.75,570.325012,573.924988,447.150726,6612184
22/4/13,573.924988,573.924988,555.888,561.138,437.188263,7700644
23/4/13,562.5,567.650024,561.099976,565.562012,440.634949,3934980
25/4/13,565.562012,565.562012,555.786987,556.924988,433.905792,6881172
26/4/13,555.025024,559.450012,550.625,553,430.847809,5564792
29/4/13,551.5,562.200012,546.5,557.325012,434.217499,4482840
30/4/13,558.5,560.588013,555.549988,558.862,435.414978,4420360
2/5/13,558.862,572.862,558.862,571.674988,445.397736,4688092
3/5/13,574.187988,581,569.549988,576.987,449.536346,4558596
6/5/13,578.75,586.25,578.75,585.275024,455.993622,3000052
7/5/13,587.5,588.75,581.187988,587.200012,457.493439,3491552
8/5/13,591.25,595,584.513,587.661987,457.853333,3639176
9/5/13,587.974976,592.224976,587.5,590.349976,459.947601,2280712
10/5/13,590.525024,596.25,589.275024,592.888,461.924988,2267020
13/5/13,588.75,590.536987,582.575012,584.900024,455.701447,2507480
14/5/13,584.325012,592.700012,584.325012,587.513,457.737274,2242224
15/5/13,588.25,593.174988,586.849976,590.112,459.762115,4446588
16/5/13,588.375,589.950012,578.312012,583.150024,454.338043,3495876
17/5/13,584.224976,592.25,583.75,587.937988,458.068451,3215876
20/5/13,586.5,595.75,586,593.013,462.0224,4379144
21/5/13,592.549988,604.263,591.737,599.400024,466.998535,2830064
22/5/13,600,608.25,594.562012,596.325012,464.602783,3122836
23/5/13,594,604.812012,589.036987,589.963013,459.646149,2550292
24/5/13,590.400024,596.25,583.5,586.974976,457.318024,1844324
27/5/13,585.299988,596.5,582.575012,593.174988,462.148529,1662584
28/5/13,592.5,595,588.411987,591.549988,460.882477,2117476
29/5/13,592.5,597.75,583.25,588.099976,458.194611,2583264
30/5/13,583.375,587.161987,579.125,585.362,478.006958,3169316
31/5/13,585.5,608.724976,585.5,602.924988,492.348907,9249152
3/6/13,631.25,656.25,618.786987,628.525024,513.253906,16607624
4/6/13,622.5,629.862,615.900024,623.974976,509.538361,5857280
5/6/13,620,622.549988,613.75,615.312012,502.46405,2539392
6/6/13,612.5,613.661987,603.974976,607.411987,496.013,3754616
7/6/13,606.25,618.224976,605,611.700012,499.514679,3309084
10/6/13,615,624.5,614.299988,621.687988,507.670746,2144520
11/6/13,622.5,628.625,616.463013,618.875,505.373627,2978852
12/6/13,615.562012,626.599976,603.213013,605.338013,494.319336,2963644
13/6/13,606,606.25,593.75,594.974976,485.856903,2077164
14/6/13,597.924988,602.25,594.286987,598.737,488.928955,2792032
17/6/13,602.862,606.5,598.713013,605.650024,494.574127,1360252
18/6/13,607.5,615,606.174988,611.638,499.463989,2142452
19/6/13,611.5,612.174988,601.825012,609.588013,497.789886,2918416
20/6/13,607,612,585.687988,592.275024,483.652161,3401464
21/6/13,592.650024,608,592.650024,604.687988,493.788452,3080684
24/6/13,600.625,600.812012,587.974976,595.099976,485.958954,3668276
25/6/13,595,596.713013,586.25,593.474976,484.631989,2895320
26/6/13,597.900024,603.650024,592.911987,599.849976,489.837891,2783616
27/6/13,605.25,624.987,603.150024,620.700012,506.863953,5335472
28/6/13,617.799988,626.937988,606,624.713013,510.141052,5853696
1/7/13,617.25,618.375,610.275024,612.75,500.37207,2104540
2/7/13,612.025024,615.888,600,600.987,490.766327,2555416
3/7/13,600.25,612.974976,598.150024,601.125,490.878998,2674928
4/7/13,608.25,618.786987,605,617,503.842529,2605392
5/7/13,616.75,620.888,609.674988,614.049988,501.433533,2168680
8/7/13,621.25,623.5,615.125,617.036987,503.872833,2707584
9/7/13,620.25,628.5,620.25,624.549988,510.007904,4305684
10/7/13,626.25,630,623.25,625.286987,510.609711,3432708
11/7/13,633.75,640.862,627.437988,632.088013,516.163452,7852480
12/7/13,695.286987,726.400024,687.5,701.049988,572.477844,26436520
15/7/13,696.263,697.5,682.075012,685.674988,559.922607,6437120
16/7/13,675.513,692.650024,670.263,682.200012,557.0849,3150768
17/7/13,682.911987,689.588013,682.911987,687.713013,561.586914,3287524
18/7/13,688.5,704.375,684.713013,700.187988,571.773926,6539348
19/7/13,700.75,716.25,700.75,711.862,581.306885,8201420
22/7/13,705.549988,723.724976,705.5,719.187988,587.289307,3375568
23/7/13,722.5,729.286987,722.5,725.487,592.433167,3084240
24/7/13,720,731.75,720,727.150024,593.791016,2437640
25/7/13,727.25,736.338013,725.25,728.825012,595.158936,3588844
26/7/13,732.5,738.25,725.650024,728.325012,594.75061,3449820
29/7/13,727.5,736,727.5,730.299988,596.363464,2181476
30/7/13,732.75,743.25,732.75,738.924988,603.406616,3168104
31/7/13,742.25,747.900024,732.049988,742.411987,606.254028,5903664
1/8/13,747,748.786987,739.187988,743.661987,607.274902,4345316
2/8/13,746.25,755,745.275024,752.200012,614.246948,5981148
5/8/13,749.700012,756.25,749.125,752.263,614.298523,4251392
6/8/13,752,753,737.763,746.838013,609.868347,5015916
7/8/13,743.75,750.700012,737.812012,740.838013,604.96875,3251804
8/8/13,735,744.5,735,741.138,605.213684,2882684
12/8/13,741.138,755,741.138,751.349976,613.552856,3797188
13/8/13,752.025024,773.5,752,770.900024,629.517456,5167156
14/8/13,767.5,773.724976,760.638,767.411987,626.669067,4605604
16/8/13,767.411987,767.411987,741.911987,744.599976,608.040771,6043808
19/8/13,747.525024,756.737,737.737,751.25,613.471191,2629664
20/8/13,755,755.25,745.625,751.661987,613.807678,5181028
21/8/13,748.700012,748.700012,730.525024,739.687988,604.029724,3763292
22/8/13,747.25,759.112,741,755.049988,616.574341,5482908
23/8/13,751.25,754.987,745.575012,750.174988,612.593323,2749432
26/8/13,754.987,762.463013,752.125,757.674988,618.717773,2785772
27/8/13,758,770,757.974976,764.013,623.893433,4262776
28/8/13,763,782.5,763,779.062012,636.182434,7164848
29/8/13,767.5,781.737,765.25,776.150024,633.804626,10043144
30/8/13,773,780.724976,759.375,776.463013,634.06012,6339280
2/9/13,769.275024,781.900024,766.150024,771.474976,629.986938,2562520
3/9/13,768,773.625,754.200012,758.424988,619.330261,3133656
4/9/13,764.924988,784.974976,763.900024,778.174988,635.45813,4489700
5/9/13,774.174988,774.174988,748.775024,751.200012,613.43042,4728536
6/9/13,751.474976,767.974976,751.474976,757.263,618.381287,6732964
10/9/13,757.263,797,757.263,789.724976,644.889893,10939568
11/9/13,786.25,793.237,776.937988,779.775024,636.764771,4572840
12/9/13,776.25,779.775024,762,766.463013,625.894104,3478720
13/9/13,765.062012,766.463013,753.325012,757.013,618.177246,4627692
16/9/13,756.25,764.487,745.025024,748.349976,611.103027,3166092
17/9/13,754.25,757.487,747.75,755.650024,617.064209,4013640
18/9/13,756.25,757.312012,751.25,754.286987,615.951233,3719908
19/9/13,749.75,758.75,748.075012,754.75,616.329224,7663904
20/9/13,750,758,745.875,748.786987,611.4599,3995856
23/9/13,751.25,760.987,750.263,754.849976,616.410889,4443188
24/9/13,757.5,757.75,749.224976,753.775024,615.533142,5876128
25/9/13,757.950012,758.75,748.161987,752.411987,614.419983,4040388
26/9/13,758.5,759.213013,750.25,753.075012,614.961365,5341220
27/9/13,756,762.75,747.75,751.650024,613.797852,2850784
30/9/13,755.049988,763.75,749.388,753.25,615.10437,4339592
1/10/13,757.5,759.575012,750.75,753.75,615.512695,2655108
3/10/13,753.75,761.75,753.75,759.286987,620.034241,7343356
4/10/13,756.562012,759.75,751.25,754.099976,615.798462,3676408
7/10/13,753.75,759.937988,751.599976,755.463013,616.91156,4897672
8/10/13,760.075012,763,755.575012,758.536987,619.421753,8991456
9/10/13,756.75,782.849976,752.5,777.463013,634.876709,8685896
10/10/13,781.275024,790.237,772.687988,781.900024,638.500061,8717344
11/10/13,833.75,834.5,789.200012,818.625,668.489624,20645300
14/10/13,814,833.888,814,831.088013,678.666992,6115856
15/10/13,831,841.763,828.200012,838.700012,684.882935,4610660
17/10/13,838.700012,839.474976,815,817.125,683.565369,5756504
18/10/13,821.5,830.974976,815.25,828.638,693.196472,5472388
21/10/13,833.25,844.424988,816.275024,833.862,697.566772,4691684
22/10/13,834.5,841.049988,831.349976,835.588013,699.010559,3604380
23/10/13,830,834.700012,819.75,831.200012,695.339783,3280792
24/10/13,825.575012,843.75,822.513,827.187988,691.983521,3240280
25/10/13,832,837.5,826.575012,832.888,696.751892,3005672
28/10/13,829.299988,833.724976,823.286987,830.862,695.057068,1706224
29/10/13,829.875,841.237,826.687988,833.900024,697.598572,2600196
30/10/13,827.75,834.713013,826.862,830.974976,695.151489,2795544
31/10/13,826.075012,832,824.049988,827.474976,692.223511,4843772
1/11/13,825,828.75,817.349976,819.174988,685.280273,3083352
5/11/13,819.174988,822.638,808.25,816.463013,683.011597,2660116
6/11/13,818.825012,828.049988,818.825012,826.536987,691.438965,1852332
7/11/13,830.411987,849.987,828.400024,839.400024,702.199524,3596356
8/11/13,837.5,847.299988,837.5,840.013,702.712341,4308056
11/11/13,837.5,849.5,835.025024,840.650024,703.245178,3901600
12/11/13,840.625,843.75,832.025024,834.213013,697.860291,3226092
13/11/13,829.013,839.650024,829.013,833.013,696.856506,2343756
14/11/13,838.075012,843.75,837.513,838.562012,701.498352,2171764
18/11/13,838.562012,853.75,838.562012,851.025024,711.924377,3163268
19/11/13,851.5,862,850.013,860.737,720.049011,4487604
20/11/13,852.25,860.825012,848.75,850.549988,711.526978,2153304
21/11/13,849,850,828.275024,836.088013,699.428833,4247748
22/11/13,836.5,843.75,834,836.900024,700.108093,1360468
25/11/13,838,844.700012,826.75,831.5,695.590759,2853648
26/11/13,830,837.25,823.161987,829.049988,693.541138,3660548
27/11/13,830,833.963013,821.450012,823.325012,688.751892,3389812
28/11/13,825.349976,834.5,816.25,831.950012,695.967163,3749984
29/11/13,834,841.5,827.5,838.638,701.562073,2705780
2/12/13,838,844.224976,831.275024,834.674988,698.246765,2355688
3/12/13,830,839.875,830,837.187988,700.348938,3500620
4/12/13,837.5,846.5,834.200012,841.338013,703.82074,4221560
5/12/13,845,849.75,835.5,837.825012,700.881897,3158536
6/12/13,834.763,837.25,829.549988,831.450012,695.548889,3272424
9/12/13,841.25,846.013,830.263,834.700012,698.267761,4428316
10/12/13,833.75,847.463013,832.888,842.713013,704.971008,6172948
11/12/13,841.25,845.424988,835,843.588013,705.702942,3128480
12/12/13,841.099976,846.424988,837,840.963013,703.507019,2760116
13/12/13,836.25,845,836.25,843.463013,705.598389,4157812
16/12/13,845,866,838.450012,863.062012,721.993958,5058848
17/12/13,861.275024,871.224976,861.275024,864.088013,722.852234,5356976
18/12/13,862.5,868.437988,861.875,864.362,723.08136,4591672
19/12/13,865.625,886.237,863.75,878.062012,734.542175,3665728
20/12/13,881.25,893.25,877.099976,887.838013,742.720215,4342728
23/12/13,875,884.974976,865.138,867.112,725.381897,4422952
24/12/13,871.5,875.724976,866.525024,871.599976,729.136353,3554956
26/12/13,871.599976,883.599976,870.937988,880.161987,736.29895,3434964
27/12/13,882.5,893,882.487,890.325012,744.800842,3691032
30/12/13,891.924988,893.75,868.75,875.588013,732.472534,5931716
31/12/13,875,880.424988,870.062012,871.411987,728.979126,1795404
1/1/14,873,874.75,865.513,867,725.288208,739344
2/1/14,865.812012,877,865.812012,870.138,727.913391,2202372
3/1/14,868.75,893.75,863.562012,891.286987,745.605591,5023172
6/1/14,893.775024,895.125,867.150024,879.474976,735.724121,5549164
7/1/14,879.763,881.474976,861.674988,864.286987,723.018616,3856844
8/1/14,865.25,868.75,855.25,857.025024,716.943665,4495196
9/1/14,860,870.5,854.463013,862.700012,721.691101,6295404
10/1/14,872.5,893.75,862,887.812012,742.698669,15129088
13/1/14,895.5,918.75,895.5,916.25,766.48822,8559956
14/1/14,911.25,923.75,910.112,921.687988,771.037476,3712916
15/1/14,923.825012,931.088013,920.25,928.013,776.328613,8565072
16/1/14,924.75,934.362,923.411987,931.263,779.047424,8804116
17/1/14,932.25,941.161987,930,932.437988,780.030273,12833948
20/1/14,928,939.987,926.112,937.325012,784.118591,4880972
21/1/14,937.5,942.5,929.588013,939.588013,786.011597,6051232
22/1/14,935.299988,944.5,935.013,941.474976,787.59021,3384880
23/1/14,946.025024,949.75,940.213013,948.125,793.15332,3953672
24/1/14,941.25,949.237,938.674988,939.536987,785.968994,3438292
27/1/14,930,940.974976,927.799988,933.049988,780.542358,4049524
28/1/14,926.75,927.174988,916.713013,918.775024,768.600647,7054272
29/1/14,916.5,935.924988,913.411987,929.450012,777.530762,4051040
30/1/14,925.924988,929.174988,915,926.062012,774.696472,3591816
31/1/14,925,934.937988,921.638,925.275024,774.038147,2684964
3/2/14,921.25,923,906.200012,907.286987,758.990173,2192056
4/2/14,895.25,897.987,886.638,890.275024,744.758911,2267556
5/2/14,895,897.25,885.687988,895.312012,748.972534,2163496
6/2/14,893,895.75,885.25,890.924988,745.302612,2874952
7/2/14,896.75,900.463013,887.213013,891.638,745.89917,3775728
10/2/14,894.974976,896.5,889.375,893.450012,747.414917,3024712
11/2/14,896,905.5,893.375,899.062012,752.10968,2916796
12/2/14,900.125,906.862,898.299988,900.025024,752.915405,2104356
13/2/14,901.200012,904.487,895.013,896.450012,749.924622,1794160
14/2/14,903.888,916,900.812012,911.075012,762.159241,2981084
17/2/14,921.25,921.25,912.213013,914.536987,765.055298,6784960
18/2/14,911.75,923.650024,911.75,920.5,770.043518,2489120
19/2/14,923.911987,940.5,923.775024,938.349976,784.975952,3532152
20/2/14,936.224976,936.224976,926.5,927.812012,776.160461,4408424
21/2/14,934,938.849976,931.812012,937.674988,784.411438,2758992
24/2/14,936.5,938.424988,932.5,937.474976,784.244019,2178804
25/2/14,938.75,948.025024,938.75,945.724976,791.145508,4049756
26/2/14,945,954.450012,943.025024,951.875,796.290344,3676084
28/2/14,951.875,959.286987,940.275024,956.213013,799.919373,4919748
3/3/14,956.25,962.487,947.987,949.562012,794.35553,3602088
4/3/14,942.5,956.112,940.474976,949.888,794.628052,3468956
5/3/14,956.974976,961.099976,952.474976,955.424988,799.260132,2471752
6/3/14,959.5,962.487,954.338013,957.974976,801.393311,3113156
7/3/14,956.75,958.5,927.075012,935.075012,782.236328,7536372
10/3/14,932.424988,932.424988,911.325012,917.900024,767.868652,3716236
11/3/14,913.25,927.224976,907.763,918.838013,768.65332,2062136
12/3/14,918.349976,925.838013,913,917.825012,767.805786,1970052
13/3/14,855,859.974976,835,839.400024,702.199524,20395440
14/3/14,835,850.974976,833.763,848.536987,709.843079,5583772
18/3/14,848.536987,852.974976,835,837.638,700.725525,5902156
19/3/14,837.5,839.463013,809.687988,817.937988,684.245361,7888924
20/3/14,817.5,837.375,817.5,825.763,690.791443,4011516
21/3/14,832.5,834.5,817.625,826.411987,691.334412,6190160
24/3/14,818.049988,829.612,817.5,818.950012,685.092041,4080172
25/3/14,812,819.924988,811.5,813.599976,680.616516,3774032
26/3/14,815,817.237,807.650024,812.224976,679.466248,4229284
27/3/14,812,815.724976,803.987,807.763,675.733582,6799684
28/3/14,810.025024,819.75,806.825012,815.650024,682.331482,3573412
31/3/14,821.325012,826.237,807.513,820.700012,686.556091,4588464
1/4/14,820.763,831.25,818.75,828.487,693.07019,4314176
2/4/14,837.200012,837.5,827.625,830.513,694.765076,2822200
3/4/14,834.875,837,829.763,834.536987,698.131348,2350108
4/4/14,837.75,839,826.525024,829.013,693.510254,1962792
7/4/14,824.5,828.612,814,823.349976,688.772888,3548772
9/4/14,823.349976,827.450012,807.625,813.638,680.648254,5332340
10/4/14,813.625,814.437988,796.536987,800.299988,669.490479,10631620
11/4/14,802.5,813.900024,791.25,808.786987,676.590271,9339168
15/4/14,808.786987,847,808.786987,814.950012,681.74585,10391192
16/4/14,810.487,810.487,786.875,789.325012,660.309265,6599152
17/4/14,795,802.513,789.588013,798.013,667.577209,4195956
21/4/14,798.013,805,792.5,795.737,665.673279,3059812
22/4/14,793.013,800,785.599976,787.661987,658.91803,3313448
23/4/14,793.513,797.963013,791,793.161987,663.519165,6008360
24/4/14,793.161987,793.161987,793.161987,793.161987,663.519165,0
25/4/14,797,800,790.838013,793.900024,664.136536,2981452
28/4/14,792.25,798.25,791.25,794.513,664.649353,3021240
29/4/14,795.75,798.75,792.75,794.437988,664.586548,2417732
30/4/14,794.411987,797.5,792.75,795.200012,665.22406,3870968
2/5/14,795.200012,811.75,795.200012,804.924988,673.359436,2382196
5/5/14,798,808.25,793.638,794.224976,664.408447,2098344
6/5/14,794.224976,796.125,788.75,791.286987,661.950623,2283012
7/5/14,787.75,792.5,762.5,766.838013,641.497742,7798036
8/5/14,767.5,772.099976,761.612,766.325012,641.068665,4580996
9/5/14,766.25,781.25,763.213013,777.862,650.71991,3089700
12/5/14,779.549988,796.625,776.263,793.775024,664.03186,3522100
13/5/14,795.75,818.75,795.75,816.312012,682.885254,3649984
14/5/14,812.562012,816.25,804.286987,813.525024,680.553772,2592344
15/5/14,813.525024,823.713013,801.312012,818.112,684.390991,4204596
16/5/14,824.75,835,764.763,794.388,664.544739,7094396
19/5/14,799.5,799.5,750.025024,753.763,630.559937,8623256
20/5/14,762.25,784.713013,760.549988,780.549988,652.968628,4393672
21/5/14,779.5,791.075012,774.763,789.275024,660.267456,3394152
22/5/14,790,795,770.286987,778.474976,651.232727,4916372
23/5/14,781.25,792.75,753.036987,767.388,641.957886,4540888
26/5/14,767.75,777.737,762.536987,773.713013,647.249146,2875272
27/5/14,775,788.75,774.875,783.513,655.447205,2492064
28/5/14,780.875,797,779.5,793.325012,663.655518,2694660
29/5/14,756.25,756.25,728.75,731.125,646.673279,20670664
30/5/14,735,739.862,720,734.849976,649.967957,14017808
2/6/14,740.125,749.424988,740.125,748.286987,661.852905,3114928
3/6/14,752,759.237,743.687988,754.299988,667.171326,3412468
4/6/14,753.75,756.838013,738.375,746.125,659.940613,2754004
5/6/14,750,767.099976,740.5,760.286987,672.466797,6076860
6/6/14,750.036987,752.5,737.5,750.763,664.042908,8441212
9/6/14,751.5,753.75,744.025024,746.612,660.37146,5429172
10/6/14,750,772.299988,749.088013,768.786987,679.984985,5239588
11/6/14,776.25,814.312012,772.588013,798.338013,706.122498,10187852
12/6/14,820,824.263,780.174988,793.763,702.075928,10564428
13/6/14,797.125,801.75,782.763,796.75,704.717957,5075872
16/6/14,796.5,814.924988,795,811.036987,717.354553,4687664
17/6/14,812.25,816.75,804.638,811.713013,717.952637,5039696
18/6/14,811.25,818.75,803.187988,810.125,716.547974,4895640
19/6/14,811.463013,830.75,811.275024,827.974976,732.336182,5656852
20/6/14,830,834.849976,823.213013,829.150024,733.375488,4426500
23/6/14,825,827.237,805.362,808.138,714.790527,3164056
24/6/14,807.5,808.724976,798.036987,800.950012,708.432861,5319012
25/6/14,811.25,811.25,801.5,802.812012,710.079651,3216760
26/6/14,805,808.75,792.187988,795.625,703.7229,3688276
27/6/14,800,808.900024,793,805.849976,712.766785,3445372
30/6/14,805,815.75,802.849976,813.888,719.876465,3645288
1/7/14,811.25,813.700012,801.5,805.263,712.247681,2331256
2/7/14,803,810.900024,799.549988,803.825012,710.975708,3059816
3/7/14,802.549988,807.099976,797.625,802.674988,709.958557,3752456
4/7/14,800.013,814.599976,800.013,811.487,717.752625,2876484
7/7/14,816.25,842,815,836.362,739.754395,5819156
8/7/14,837.25,851.588013,825.763,835.536987,739.024658,5730240
9/7/14,832.5,846,822.5,827.588013,731.993896,4135376
10/7/14,828.75,845.424988,812.650024,823.174988,728.090637,5672808
11/7/14,850.349976,858,825.088013,831.661987,735.597351,7913180
14/7/14,828.75,828.75,796.450012,806.312012,713.175476,4115800
15/7/14,809.75,814.487,804.263,806.411987,713.263916,2069900
16/7/14,810,811.25,800.812012,807.400024,714.137756,2294744
17/7/14,815.025024,836.474976,807.911987,809.825012,716.282654,2473336
18/7/14,813.25,818.674988,810.900024,812.888,718.991821,2049184
21/7/14,813.75,818.338013,797.025024,800.174988,707.747253,3717984
22/7/14,801.25,811.674988,799.513,808.424988,715.044495,4366680
23/7/14,812.25,838.75,812.25,837.362,740.638916,5913668
24/7/14,836,848.75,830.362,845.562012,747.891663,2785780
25/7/14,849.75,849.75,826.174988,838.049988,741.247498,2668836
28/7/14,836.25,846.75,830.213013,842.775024,745.426697,2300724
30/7/14,842.775024,848.5,836.400024,843.049988,745.669861,4967360
31/7/14,845,848.724976,835.799988,841.911987,744.663269,4228584
1/8/14,837.5,848,832.5,835.325012,738.837219,3803504
4/8/14,838.75,870.724976,837.325012,866.388,766.312134,6543480
5/8/14,869,880,867.513,878.25,776.804016,5492812
6/8/14,881.25,902.088013,881.25,893.963013,790.701904,9002092
7/8/14,874.75,886.099976,870.588013,876.838013,775.555054,3877112
8/8/14,875,880,868.75,870.661987,770.092468,1905676
11/8/14,881,895.924988,877.5,893.375,790.181885,2814336
12/8/14,899.75,899.75,885.25,894.200012,790.911621,2958468
13/8/14,890.013,906.25,887.687988,902.099976,797.899048,4470680
14/8/14,902,906.924988,896.650024,903.138,798.817139,3381240
18/8/14,903.138,903.138,887.5,889.950012,787.152527,3388944
19/8/14,890.25,897.25,882.5,886.950012,784.498962,3212412
20/8/14,890.75,895.625,886.75,888.638,785.991943,1969112
21/8/14,889.062012,890.849976,882.5,887.237,784.752869,2149440
22/8/14,887.237,902,887,900.25,796.262756,2427520
25/8/14,899.75,908.924988,890.513,906.950012,802.188904,2099176
26/8/14,905.5,910,900,906.036987,801.381226,2921064
27/8/14,907.5,912.5,900.275024,907.638,802.797424,2784936
28/8/14,907.25,908.411987,895.299988,899.700012,795.776367,3799652
1/9/14,899.700012,904.724976,896.25,899.911987,795.963806,1821576
2/9/14,900,906.25,888.888,903.437988,799.082458,1791916
3/9/14,902.5,936.599976,902.5,933.562012,825.72699,5928780
4/9/14,931.25,931.25,924.463013,927.187988,820.089233,3119232
5/9/14,933,948.75,926.338013,932.687988,824.953918,3234176
8/9/14,933.174988,947.625,933.174988,945.411987,836.208069,3258648
9/9/14,937,938.862,930,934.013,826.125793,2158400
10/9/14,927,927,915,916.825012,810.923157,2540376
11/9/14,918.5,924.924988,907.650024,921.036987,814.648743,2506516
12/9/14,922,927,912.5,917.474976,811.498169,1953776
15/9/14,916.25,917,906.825012,910.325012,805.174133,2479400
16/9/14,911.5,922.625,905.900024,912.812012,807.373779,2517452
17/9/14,919.974976,937.025024,917.775024,935.263,827.231445,3963060
18/9/14,918.487,932.424988,913.612,924.25,817.49054,4552388
19/9/14,924.75,946.974976,920.325012,925.513,818.607605,7377508
22/9/14,920,920.687988,908,912.650024,807.230469,4306020
23/9/14,911.25,920.862,898.888,901.775024,797.611633,6481152
24/9/14,907.5,918.062012,899.562012,911.200012,805.947876,2782280
25/9/14,912.5,929.700012,911.5,922.75,816.163757,12487756
26/9/14,921.25,930.062012,915.125,920.036987,813.76416,4432420
29/9/14,925.25,940.237,920.275024,937.263,829.000427,2498072
30/9/14,936.049988,939.075012,925.275024,936.937988,828.713013,3463684
1/10/14,930.5,964.987,930.5,961.825012,850.725281,4735432
7/10/14,961.825012,973.237,942.325012,957.825012,847.187317,10031728
8/10/14,946.25,948,910.25,912.536987,807.130493,10163840
9/10/14,925,928.5,906.474976,911.700012,806.39032,6216416
10/10/14,915,977,893.174988,972.161987,859.868286,22946528
13/10/14,972.325012,996.25,972.325012,985.638,871.787659,8863492
14/10/14,991.25,991.25,975,979.575012,866.424988,3430256
15/10/14,979.575012,979.575012,979.575012,979.575012,866.424988,0
16/10/14,975.025024,984.575012,963.588013,966.325012,881.708313,5008696
17/10/14,966.224976,980.700012,959.275024,962.911987,878.594116,4095008
20/10/14,963.25,965.638,950.525024,953.088013,869.630371,3851360
21/10/14,962.474976,962.474976,927.5,943.237,860.641907,13040692
22/10/14,952.325012,952.974976,944.049988,949.013,865.912231,2676660
27/10/14,951.213013,962.5,945.549988,950.763,867.508911,2709088
28/10/14,941.25,953.088013,941.25,947.062012,864.13208,3333184
29/10/14,953.237,973.174988,953.237,970.362,885.391785,4114668
30/10/14,974,995.312012,974,986.638,900.242432,7622604
31/10/14,996.763,1016.5,996.763,1012.809998,924.122803,4335400
3/11/14,1019.219971,1027.5,1008.109985,1021.469971,932.024414,4289204
5/11/14,1021.469971,1038.5,1014.25,1031.199951,940.902344,5120540
7/11/14,1031.199951,1045.75,1029.569946,1041.650024,950.437378,4985200
10/11/14,1043.76001,1045.280029,1035,1041.380005,950.191101,2797084
11/11/14,1041.25,1041.25,1025.949951,1031.300049,940.993713,3127544
12/11/14,1030.25,1037.680054,1024.280029,1026.5,936.613953,2696448
13/11/14,1030.5,1050.26001,1028.099976,1044.650024,953.174744,2478340
14/11/14,1048.5,1052.859985,1043.5,1047.910034,956.149231,2616588
17/11/14,1046.25,1056.969971,1037.030029,1054.609985,962.262573,2729092
18/11/14,1056.25,1056.949951,1043.030029,1045.589966,954.03241,2633560
19/11/14,1045,1047.48999,1034.939941,1043.339966,951.979309,2600560
20/11/14,1047.5,1058.119995,1045.959961,1056.400024,963.895813,2673964
21/11/14,1042.5,1044.75,1025.400024,1036.540039,945.774902,5231636
24/11/14,1050,1070.410034,1047.98999,1068.780029,975.191772,5523720
25/11/14,1073.75,1079.98999,1061.5,1075.800049,981.597107,7443288
26/11/14,1075,1079.430054,1067.900024,1075.109985,980.967529,3965400
27/11/14,1080.469971,1094.099976,1078,1091.469971,995.894897,8694516
28/11/14,1092.530029,1099.5,1085.849976,1089.959961,994.51709,7173632
1/12/14,1096.75,1100.550049,1073.150024,1087.459961,992.236023,9170932
2/12/14,1082.469971,1082.469971,1057.5,1063.300049,970.191589,5327496
3/12/14,1050.75,1066.469971,1042.280029,1061.75,968.777283,6387522
4/12/14,1055,1072.449951,1047.5,1050.900024,958.87738,4699614
5/12/14,1057.5,1058.300049,1029.900024,1035.150024,944.506592,3679380
8/12/14,1004.5,1009.5,978.875,985.075012,898.816345,83160204
9/12/14,991.375,993,976.224976,982.400024,896.37561,5025230
10/12/14,983,992.5,979.549988,981.875,895.896606,3902356
11/12/14,975.5,976.974976,957.5,960.525024,876.416138,4142966
12/12/14,969.525024,980.200012,959.049988,969.325012,884.445557,7286250
15/12/14,952.474976,978.625,952.450012,962.400024,878.126953,6483142
16/12/14,962.849976,975.799988,962.849976,969,884.149048,8896378
17/12/14,968,977.75,948.150024,969.25,884.377136,8925888
18/12/14,977,990.900024,972.375,982.950012,896.877502,9974990
19/12/14,998.799988,1004,993,999.325012,911.818604,7147316
22/12/14,1003,1005.049988,987.674988,999.799988,912.251953,5232552
23/12/14,1000.419983,1010.950012,981.799988,985.825012,899.500732,4098476
24/12/14,988,993.5,957.525024,965.275024,880.750244,13669744
26/12/14,965.275024,980.349976,965.275024,976.125,890.650146,1134374
29/12/14,978.025024,986.400024,976.25,978.900024,893.182129,1396338
30/12/14,981.125,987.5,978.400024,983.174988,897.082825,2320276
31/12/14,977.5,989.474976,975,986.275024,899.911255,3484404
1/1/15,984.474976,991,978.450012,987.200012,900.75531,1001382
2/1/15,986,1009.530029,986,1006.599976,918.456482,3389160
5/1/15,1004.950012,1015,988.75,997.950012,910.564026,4968512
6/1/15,990,992.5,967.049988,977.099976,891.539734,4833658
7/1/15,982.5,987.375,975,981.775024,895.80542,3624958
8/1/15,992.799988,998.5,975,986.724976,900.321899,6782460
9/1/15,990.049988,1054.5,956.525024,1037.219971,946.395264,22431664
12/1/15,1046,1059.599976,1037.5,1057.969971,965.328247,6379444
13/1/15,1053.900024,1053.900024,1037.5,1044.449951,952.992065,4400618
14/1/15,1049.25,1066.5,1046.300049,1064.319946,971.122314,4960630
15/1/15,1067.599976,1076.400024,1056.119995,1067.119995,973.677063,4171226
16/1/15,1074,1080,1056,1059.150024,966.40509,3345480
19/1/15,1060,1066.180054,1047.300049,1051.25,959.196777,2043872
20/1/15,1053.5,1066.5,1050.719971,1062.099976,969.096741,3402252
21/1/15,1065.75,1087.969971,1059,1084.949951,989.945679,4247454
22/1/15,1087.400024,1101.5,1080.650024,1098.219971,1002.053772,4979198
23/1/15,1100,1112.5,1082.550049,1107.530029,1010.548645,4743164
27/1/15,1107.530029,1110.5,1065.050049,1068.25,974.708191,6869984
28/1/15,1075,1077.400024,1065.150024,1072.280029,978.385376,6567178
29/1/15,1072.5,1074.949951,1063.800049,1072.75,978.814087,7684712
30/1/15,1080.75,1081.280029,1063.469971,1070.949951,977.171692,5416872
2/2/15,1070.75,1076,1063.030029,1068.430054,974.872375,4351270
3/2/15,1068.430054,1069.969971,1051,1060.449951,967.591125,2632978
4/2/15,1069.949951,1075,1063.199951,1071.430054,977.609619,2580008
5/2/15,1075.400024,1110,1074,1096.900024,1000.849426,5937968
6/2/15,1102.5,1123.900024,1094.25,1115.25,1017.592529,3726864
9/2/15,1100,1127,1100,1124.449951,1025.986938,3268434
10/2/15,1121.5,1149,1120.5,1139.150024,1039.39978,4258460
11/2/15,1140.25,1146.599976,1128.119995,1142.430054,1042.392578,2898486
12/2/15,1141.5,1160.969971,1136.5,1155.599976,1054.409302,3143768
13/2/15,1149.800049,1163.349976,1143,1148.050049,1047.520386,2828758
16/2/15,1140.150024,1153.449951,1132.619995,1139.380005,1039.609619,3122138
18/2/15,1139.380005,1152.469971,1129.069946,1148.25,1047.702881,4306882
19/2/15,1147,1167,1146.030029,1162.349976,1060.568115,4836812
20/2/15,1164.25,1168,1138.449951,1141.550049,1041.589722,3485814
23/2/15,1150,1154.599976,1124.050049,1132.800049,1033.605713,2545244
24/2/15,1139.5,1147.969971,1128.800049,1136.400024,1036.890625,3218838
25/2/15,1144.449951,1167.400024,1140,1158.800049,1057.329102,3022486
26/2/15,1153.75,1154.5,1122.699951,1129.050049,1030.184082,3222888
27/2/15,1137.449951,1140.319946,1125.75,1132.880005,1033.678833,3900538
2/3/15,1151.5,1154.25,1139.030029,1145.849976,1045.513184,3520496
3/3/15,1145,1151.469971,1139.150024,1148.930054,1048.323364,2452776
4/3/15,1150,1156.949951,1125.949951,1137.319946,1037.729858,2187614
5/3/15,1133.530029,1149.380005,1116.680054,1123.800049,1025.393921,2842458
9/3/15,1123.800049,1129.5,1089.5,1095.030029,999.143127,3992360
10/3/15,1099.050049,1103.469971,1080.099976,1099,1002.765442,3164958
11/3/15,1097.050049,1120,1084.550049,1091.099976,995.55719,3390456
12/3/15,1089.5,1113.219971,1088.5,1109.150024,1012.026733,2844282
13/3/15,1112.5,1115,1096.199951,1110.199951,1012.98468,3089842
16/3/15,1105.280029,1141,1105.280029,1133.319946,1034.0802,3409316
17/3/15,1133.319946,1139.75,1108.619995,1120.25,1022.154541,2769656
18/3/15,1127.25,1131.430054,1111.280029,1114.75,1017.136169,2452782
19/3/15,1117.300049,1124.5,1111.380005,1115.219971,1017.565125,3445870
20/3/15,1120.5,1134.449951,1116.469971,1128.719971,1029.883057,3215448
23/3/15,1126.5,1137.5,1112.75,1116.719971,1018.933899,2539350
24/3/15,1117.449951,1126.699951,1103,1105.719971,1008.897095,3368266
25/3/15,1111.449951,1114.569946,1100.380005,1109.550049,1012.391724,3085484
26/3/15,1104,1107.449951,1066,1073.180054,979.206482,7870420
27/3/15,1082,1112.349976,1081.5,1101.069946,1004.654175,5037110
30/3/15,1102.800049,1120,1097.449951,1114,1016.452026,2311544
31/3/15,1122.5,1136.819946,1102.180054,1109.180054,1012.054138,4008206
1/4/15,1099.449951,1099.75,1078.849976,1086.969971,991.788879,3369244
6/4/15,1086.969971,1092.349976,1080.199951,1089.099976,993.732361,3870876
7/4/15,1087.5,1091.400024,1069,1079.75,985.201111,4271134
8/4/15,1091.25,1102.449951,1086.530029,1100.280029,1003.933472,5092788
9/4/15,1105.699951,1109.449951,1092.199951,1107.5,1010.521118,5290774
10/4/15,1105.099976,1119,1105.099976,1116.969971,1019.161865,3561888
13/4/15,1119,1122,1108.050049,1119.400024,1021.379211,2436168
15/4/15,1119.400024,1122.5,1097.530029,1106.849976,1009.928162,3118892
16/4/15,1111,1115.5,1080.25,1097.319946,1001.232422,4503906
17/4/15,1090.030029,1097.469971,1076.719971,1089.619995,994.206909,3225158
20/4/15,1088,1090,1057.569946,1066.069946,972.718933,6412692
21/4/15,1074,1077.550049,1060.050049,1071.300049,977.491089,4440824
22/4/15,1075.530029,1077.5,1048.969971,1068.849976,975.255615,6175492
23/4/15,1074.349976,1075,1056,1061,968.093018,5945900
24/4/15,1067.949951,1075.099976,990,997.599976,910.244629,21782726
27/4/15,1000,1001,974.049988,992.325012,905.43158,9911320
28/4/15,991,991,976,980.450012,894.596497,5196750
29/4/15,980.450012,986,968.974976,980.575012,894.710449,4144528
30/4/15,980,982.5,966.150024,971.125,886.087952,6567130
4/5/15,971.125,1000,971.125,996.549988,909.286621,6680796
5/5/15,1000,1001.849976,976.025024,981.375,895.440369,4704258
6/5/15,987.5,987.5,957.650024,961.025024,876.872314,5254204
7/5/15,961,983.549988,955,972,886.886353,3389992
8/5/15,979,983.775024,972.625,978.974976,893.250488,2888838
11/5/15,982.5,1000,976.099976,996.825012,909.537537,2392756
12/5/15,996.825012,997.299988,971,973.549988,888.300537,4142446
13/5/15,975.875,982.450012,964.25,978.349976,892.680237,3549542
14/5/15,980,980.400024,954,967.400024,882.689148,3116922
15/5/15,967.5,983.299988,966.150024,980.875,894.984192,2594672
18/5/15,985,999.450012,980.799988,996.525024,909.263794,3234988
19/5/15,993.650024,1017.849976,993,1011.169983,922.626343,5136038
20/5/15,1020,1026,1016.799988,1023.650024,934.01355,2941094
21/5/15,1024.449951,1030.949951,1018.619995,1024.219971,934.53363,5029656
22/5/15,1022,1025.780029,1015.049988,1023.219971,933.621155,3444412
25/5/15,1025.25,1028.280029,1003.530029,1008.400024,920.098999,2337904
26/5/15,1010,1015.719971,1001.080017,1003.650024,915.764832,1982520
27/5/15,1003.5,1004.5,977.5,984.25,898.063599,4227354
28/5/15,987.599976,1016,987.599976,1008.299988,920.007751,5490270
29/5/15,1002.419983,1028.219971,1000.5,1011.580017,923.000488,9496522
1/6/15,1016.400024,1032,1011.619995,1023.900024,934.241699,2862446
2/6/15,1024.050049,1027.550049,1002.5,1004.330017,916.385315,2336570
3/6/15,1009.099976,1019.719971,1004,1010.450012,921.969482,2747898
4/6/15,1015,1027.5,1006.299988,1014.030029,925.235962,3744732
5/6/15,1015,1022,1004.080017,1005.830017,917.753967,3062894
8/6/15,1010,1012.330017,993.5,1000.030029,912.461914,3070524
9/6/15,1001.880005,1003.830017,991.5,996.049988,908.830383,3780870
10/6/15,995,1019.669983,992.5,1013.25,924.524231,3192920
11/6/15,1017.969971,1022.380005,997.525024,998.825012,911.362366,4614732
12/6/15,1002.5,1012.780029,977.75,987.525024,928.47406,4926462
15/6/15,976.950012,998.799988,968,990.450012,945.344177,2618213
16/6/15,994.349976,1003,985,999.349976,953.838806,2611722
17/6/15,1011,1021,992.200012,995.700012,950.355042,3206034
18/6/15,1005.599976,1007.950012,995.799988,1001.950012,956.320374,1737213
19/6/15,1010.299988,1010.400024,993.099976,995.349976,950.020935,3335229
22/6/15,1004.900024,1028.75,997,1023.849976,977.223022,2855434
23/6/15,1025,1027.400024,998.150024,1000.400024,954.841003,3476058
24/6/15,1015,1015,991.200012,995.099976,949.782349,3536847
25/6/15,999.200012,1003.5,987.650024,990.450012,945.344177,3558733
26/6/15,999,1011.599976,998.099976,1005.25,959.470032,2660142
29/6/15,987,999.5,982.5,990.150024,945.057861,2845334
30/6/15,990,993.450012,980,984.349976,939.521851,3106265
1/7/15,989,1005,986,997.400024,951.977661,3440426
2/7/15,999,1001.400024,985.049988,988,943.005676,2003784
3/7/15,988,993,982,990.299988,945.200989,1347653
6/7/15,985,988,975,983.299988,938.519775,2152801
7/7/15,985,990,979,980.5,935.84729,1748709
8/7/15,979,979,954.799988,957.5,913.894775,3512089
9/7/15,957.5,966,934.049988,938,895.282715,4293886
10/7/15,948.099976,952.099976,932.650024,937.5,894.805542,3705761
13/7/15,941,955,934.049988,950.150024,906.879456,3265884
14/7/15,955,973.5,945.5,971.25,927.018494,2683537
15/7/15,970,985.950012,968,984,939.187866,2064783
16/7/15,987.700012,991.5,979.5,989.049988,944.007813,1736469
17/7/15,991,1004.5,989.099976,1001.849976,956.224915,1723989
20/7/15,1001.400024,1010.799988,987.400024,1001.25,955.652344,2188590
21/7/15,1035,1149,1035,1112.650024,1061.979126,19155056
22/7/15,1105,1112,1076.650024,1103.150024,1052.911743,6332830
23/7/15,1103.949951,1117,1090,1098,1047.996216,3855374
24/7/15,1095.550049,1106.449951,1083.099976,1087.599976,1038.069824,2240151
27/7/15,1086.900024,1087.949951,1060.449951,1065.300049,1016.785461,3376122
28/7/15,1068.5,1076,1054.25,1062.849976,1014.447021,4238301
29/7/15,1074,1092,1065,1085.400024,1035.969971,3535667
30/7/15,1090,1090,1058,1070,1021.271362,5978299
31/7/15,1078.550049,1081.349976,1060,1077.050049,1028.000366,3965506
3/8/15,1078,1092,1068.949951,1078.949951,1029.813721,3980506
4/8/15,1078,1078.949951,1051,1057.25,1009.102051,4549527
5/8/15,1062,1090,1061.949951,1086.349976,1036.876709,2376738
6/8/15,1094,1105.5,1077,1086.949951,1037.449463,3619126
7/8/15,1079.5,1101,1078.5,1095.599976,1045.705566,2494029
10/8/15,1098,1106.349976,1067,1086,1036.542725,1996377
11/8/15,1098.800049,1116.900024,1095.699951,1109.150024,1058.638428,3787203
12/8/15,1115,1149,1111,1144.400024,1092.283203,5084220
13/8/15,1147,1166.849976,1055.550049,1158,1105.263794,4893980
14/8/15,1165,1168.699951,1143.099976,1149.25,1096.912354,2554533
17/8/15,1150,1153.449951,1122.5,1142.150024,1090.13562,1553718
18/8/15,1150,1177.699951,1150,1164.349976,1111.324585,2075223
19/8/15,1170,1186.199951,1162.800049,1175.550049,1122.014404,3434759
20/8/15,1159,1168.5,1128,1134.550049,1082.881714,4184557
21/8/15,1140.900024,1160.949951,1117.5,1149.900024,1097.532593,5411071
24/8/15,1109.949951,1123,1078.599976,1092.050049,1042.317261,7061342
25/8/15,1100,1119,1044.5,1085.650024,1036.20874,6867539
26/8/15,1089.800049,1097,1059,1064.599976,1016.117188,5749106
27/8/15,1088,1100.099976,1078.050049,1082.800049,1033.488403,7671696
28/8/15,1101.599976,1124.900024,1101.599976,1111.050049,1060.451904,3604410
31/8/15,1134.849976,1134.849976,1082.5,1094.400024,1044.560181,4958532
1/9/15,1090,1114.599976,1082,1089,1039.40625,4535775
2/9/15,1098,1115,1090,1099.449951,1049.380127,5585915
3/9/15,1110.150024,1112,1092.5,1099.349976,1049.284668,4295268
4/9/15,1103,1111,1067,1073.949951,1025.041504,3659444
7/9/15,1084.949951,1085,1055,1058.75,1010.533752,2590494
8/9/15,1062,1074,1052.300049,1058.800049,1010.581482,2729748
9/9/15,1087.099976,1099.599976,1072,1088.699951,1039.119751,4574332
10/9/15,1084.900024,1091.5,1061,1080.449951,1031.245483,4181502
11/9/15,1091.550049,1106.400024,1085.5,1090.75,1041.076416,4941905
14/9/15,1099,1104,1082.650024,1099.75,1049.666504,3278538
15/9/15,1099.400024,1103.199951,1088.150024,1099.199951,1049.141479,2645943
16/9/15,1108,1109.75,1098.300049,1101.650024,1051.47998,3739120
18/9/15,1101.650024,1117.900024,1099.050049,1104.449951,1054.152344,5788438
21/9/15,1100,1108.849976,1092.5,1104.650024,1054.343262,2175617
22/9/15,1115,1135.949951,1101.099976,1107.449951,1057.015869,4813493
23/9/15,1107.449951,1126.349976,1097.449951,1116.25,1065.415039,2379127
24/9/15,1113.5,1152.699951,1110,1140.550049,1088.608398,6699631
28/9/15,1140.550049,1142.849976,1101,1105.550049,1055.202271,4894232
29/9/15,1102,1133.400024,1097.5,1121.849976,1070.76001,4349685
30/9/15,1134.400024,1168.949951,1125.949951,1161.949951,1109.033813,4747846
1/10/15,1169.900024,1197.75,1160,1173.050049,1119.628418,5432197
5/10/15,1173.050049,1189.349976,1162,1181.75,1127.932251,3440880
6/10/15,1187.050049,1192.550049,1148.099976,1154.599976,1102.018555,4355940
7/10/15,1156,1168.75,1128.449951,1133.199951,1081.59314,4591244
8/10/15,1136.400024,1149.599976,1126.050049,1132.150024,1080.590942,4540437
9/10/15,1136,1172.900024,1136,1167.400024,1114.235718,5891069
12/10/15,1199,1219.800049,1109,1122.900024,1071.762207,15202485
13/10/15,1107.449951,1111,1085.199951,1099.400024,1049.33252,7663431
14/10/15,1091.449951,1115.550049,1087.199951,1097.599976,1047.61438,4432755
15/10/15,1099.900024,1104.349976,1089.099976,1097.349976,1047.375732,4127833
16/10/15,1099,1101.400024,1090,1094.900024,1054.648315,3209496
19/10/15,1102,1116,1100.5,1111.949951,1071.071411,3673747
20/10/15,1113,1130,1110.599976,1125.949951,1084.556763,4394155
21/10/15,1125,1146.849976,1125,1138.400024,1096.549072,3639049
23/10/15,1138.400024,1153,1125.099976,1149.900024,1107.626343,3016681
26/10/15,1154,1158.5,1143.150024,1152.150024,1109.793701,1597971
27/10/15,1150,1155,1144.099976,1149.400024,1107.144653,2631874
28/10/15,1144.5,1158,1139,1153.199951,1110.804932,2627736
29/10/15,1153.099976,1155.900024,1136.050049,1145.050049,1102.95459,2943662
2/11/15,1130,1135.800049,1114.099976,1131.199951,1089.61377,1772494
3/11/15,1133.400024,1150.449951,1133.400024,1145.5,1103.388062,1807341
4/11/15,1150.099976,1157.599976,1132.300049,1136.800049,1095.007935,1602786
5/11/15,1142.949951,1145,1119.400024,1122.900024,1081.618896,1172653
6/11/15,1123,1143.900024,1122.900024,1138.300049,1096.452881,1513086
9/11/15,1120,1140,1115.199951,1134.599976,1092.888672,3062838
10/11/15,1127.5,1127.5,1100.099976,1103.849976,1063.269287,2340026
13/11/15,1103.849976,1106,1090,1100.800049,1060.331299,1760434
16/11/15,1083.650024,1094,1067.199951,1080.199951,1040.488647,3404167
17/11/15,1080,1082.900024,1052,1061.5,1022.476135,3592053
18/11/15,1041,1045.150024,1011.25,1020,982.501709,5062626
19/11/15,1030.25,1052,1023.799988,1047.800049,1009.279785,4269811
20/11/15,1048,1063.199951,1042.050049,1052.400024,1013.710754,3041489
23/11/15,1050,1062.400024,1038,1053.699951,1014.962769,2808175
24/11/15,1050,1050.800049,1037,1041.150024,1002.874207,2162901
26/11/15,1041.150024,1059.5,1040.050049,1052.400024,1013.710754,4926984
27/11/15,1058,1070,1045,1066.349976,1027.147705,2571239
30/11/15,1070,1098.300049,1056.199951,1087.900024,1047.90564,9052767
1/12/15,1088,1095,1072.949951,1079,1039.332764,2949275
2/12/15,1079.949951,1079.949951,1059,1060.699951,1021.705505,3198808
3/12/15,1061,1064.800049,1049.050049,1057.75,1018.863953,2752363
4/12/15,1049,1064.900024,1040.099976,1049.050049,1010.483948,4187765
7/12/15,1055.300049,1059,1040,1046.25,1007.786743,2256935
8/12/15,1045.050049,1062.75,1039.300049,1044.400024,1006.004761,2862186
9/12/15,1043,1046.949951,1022.549988,1028.199951,990.400269,3409127
10/12/15,1036.599976,1051.599976,1030.300049,1047.349976,1008.846313,2793873
11/12/15,1054,1061.900024,1045.900024,1052.800049,1014.095947,2695099
14/12/15,1049.5,1073.150024,1048.050049,1069.5,1030.181885,2408336
15/12/15,1073.25,1079.099976,1058.800049,1077.550049,1037.936035,2715904
16/12/15,1083.400024,1098,1083.400024,1095.849976,1055.563232,2747926
17/12/15,1100,1109.800049,1088,1107.099976,1066.399658,2479391
18/12/15,1103.400024,1103.400024,1079.449951,1083.150024,1043.330078,3609910
21/12/15,1077,1107.400024,1065.949951,1103.449951,1062.883789,2165506
22/12/15,1097.449951,1097.449951,1080.099976,1083.75,1043.908203,2054627
23/12/15,1095.050049,1102.5,1087.050049,1100.849976,1060.379517,1435464
24/12/15,1102.050049,1104.449951,1090.099976,1096.349976,1056.044922,615027
28/12/15,1096.349976,1110,1090,1104.75,1064.136108,2763476
29/12/15,1101.25,1110,1097.300049,1104.699951,1064.088013,1672531
30/12/15,1101.099976,1106.599976,1083,1086.300049,1046.36438,2576985
31/12/15,1090.150024,1109.949951,1087,1105.400024,1064.762329,3971969
1/1/16,1100,1108.949951,1093.199951,1105.25,1064.617798,903275
4/1/16,1099.949951,1102.449951,1076.050049,1078.900024,1039.23645,1987681
5/1/16,1085.5,1085.5,1062.25,1074.050049,1034.564697,2474893
6/1/16,1074.650024,1074.650024,1058.900024,1069.349976,1030.037476,2794164
7/1/16,1060.050049,1067.900024,1047.900024,1050.800049,1012.169556,2647044
8/1/16,1061.5,1067.400024,1055.5,1063.300049,1024.209961,1578358
11/1/16,1056.300049,1069.949951,1052.099976,1055.699951,1016.889343,2680311
12/1/16,1062,1062.949951,1030.849976,1049.949951,1011.350647,3282606
13/1/16,1057,1091,1048.099976,1083.400024,1043.571045,4375647
14/1/16,1066,1155,1054.349976,1133,1091.347534,15113503
15/1/16,1148,1164,1137.550049,1139.900024,1097.993896,6518307
18/1/16,1139.900024,1162.099976,1128.349976,1131.900024,1090.288086,5033306
19/1/16,1135,1158.949951,1128.550049,1139.650024,1097.753174,3750218
20/1/16,1134,1160,1117,1121.25,1080.029541,3753999
21/1/16,1135,1142.5,1122,1137.050049,1095.248657,3371500
22/1/16,1148.099976,1152.5,1131,1136.25,1094.478149,3218009
25/1/16,1140.25,1146.849976,1124.550049,1137.650024,1095.82666,2289631
27/1/16,1137.650024,1137.650024,1137.650024,1137.650024,1095.82666,0
28/1/16,1136,1142.599976,1126.199951,1129.599976,1088.07251,3894299
29/1/16,1138,1170,1131.599976,1164.900024,1122.074951,5116054
1/2/16,1170,1179.900024,1161.599976,1173.349976,1130.214233,2125563
2/2/16,1176.849976,1190,1164,1175.550049,1132.333252,3816351
3/2/16,1167.800049,1175.900024,1152.75,1157.699951,1115.139404,2622983
4/2/16,1160.050049,1194.949951,1160.050049,1179.75,1136.378784,2774673
5/2/16,1175.5,1186.650024,1171.849976,1174.699951,1131.514526,1992112
8/2/16,1163.75,1172.199951,1143.800049,1150.800049,1108.493286,2110522
9/2/16,1128.300049,1128.300049,1093.5,1107.650024,1066.929443,3789786
10/2/16,1108,1127.5,1105,1108.550049,1067.796509,2933027
11/2/16,1111,1113,1071.150024,1078.650024,1038.995605,2607189
12/2/16,1094.699951,1104.400024,1067,1084.650024,1044.775146,3704048
15/2/16,1096.25,1100.199951,1086.599976,1091.75,1051.614136,2546739
16/2/16,1087,1092.75,1073.699951,1079.150024,1039.477295,2562724
17/2/16,1081.75,1103,1077,1097.849976,1057.489624,2082299
18/2/16,1100,1127,1100,1123.400024,1082.100464,2094536
19/2/16,1119.199951,1134.199951,1113.849976,1127.25,1085.808838,1987009
22/2/16,1131,1133.949951,1114.050049,1126.650024,1085.231079,1928505
23/2/16,1130.25,1132.5,1116.050049,1123.900024,1082.582031,1250980
24/2/16,1119.5,1143.75,1118.349976,1125.349976,1083.97876,2475357
25/2/16,1125.400024,1130.599976,1101.099976,1110.300049,1069.482178,2242264
26/2/16,1120.150024,1132,1116,1121.150024,1079.933228,2117818
29/2/16,1129.5,1130.400024,1068.300049,1084.050049,1044.197144,4083038
1/3/16,1094.800049,1130.300049,1094.800049,1125.449951,1084.075073,3193077
2/3/16,1137.050049,1163.5,1125,1156,1113.502075,3607449
3/3/16,1168,1192.849976,1154,1169.300049,1126.31311,2907152
4/3/16,1175.599976,1185,1159.099976,1170.650024,1127.613403,2140840
8/3/16,1170.650024,1190.5,1147.400024,1163.449951,1120.678101,3808873
9/3/16,1145,1183.75,1142.949951,1178.5,1135.174805,3152891
10/3/16,1162.900024,1162.900024,1139.349976,1142.5,1100.498413,12190508
11/3/16,1146.199951,1155.949951,1138.199951,1143,1100.979858,2029274
14/3/16,1146,1154.25,1138.5,1141.199951,1099.246094,2087131
15/3/16,1144,1154.5,1128.949951,1134.400024,1092.696167,3360129
16/3/16,1141.900024,1155,1131.550049,1152.449951,1110.082397,2794425
17/3/16,1156.900024,1169.75,1154.050049,1161.75,1119.040771,3237311
18/3/16,1162.800049,1199,1162,1193.400024,1149.526978,4238711
21/3/16,1188,1199,1180.050049,1194.900024,1150.971924,2569196
22/3/16,1191.25,1194,1172,1189.949951,1146.203979,3548975
23/3/16,1190,1210.699951,1182.099976,1207.800049,1163.397827,3166588
28/3/16,1207.800049,1237,1195.75,1204.900024,1160.60437,5393755
29/3/16,1199,1218.900024,1191.550049,1197.25,1153.235474,3497678
30/3/16,1197.599976,1210,1195.550049,1205.949951,1161.615723,2878409
31/3/16,1210.25,1229.900024,1200.300049,1218.300049,1173.511841,8998160
1/4/16,1216,1222.199951,1195.099976,1205.449951,1161.134033,2755714
4/4/16,1213.550049,1248,1213.550049,1243.699951,1197.977905,2288527
5/4/16,1242,1242.300049,1214,1219.800049,1174.956543,2395358
6/4/16,1228,1228,1196,1200.699951,1156.558716,2465677
7/4/16,1208.400024,1208.400024,1175,1181.5,1138.064575,2828945
8/4/16,1175.849976,1177.5,1162.050049,1165.75,1122.893555,2097789
11/4/16,1165.800049,1186.75,1151.099976,1183.900024,1140.376221,2884339
12/4/16,1180.5,1194.900024,1178.599976,1182.199951,1138.73877,2921069
13/4/16,1194.949951,1194.949951,1166.349976,1172.699951,1129.588013,6255693
18/4/16,1172.699951,1267.900024,1172.699951,1238.699951,1193.161621,12507995
20/4/16,1238.699951,1246.449951,1225.800049,1243.599976,1197.881592,4036424
21/4/16,1251,1251,1218.099976,1226.300049,1181.217529,2720550
22/4/16,1226.300049,1228.5,1207,1211.25,1166.720825,2571969
25/4/16,1212.050049,1224.800049,1201.099976,1215.849976,1171.151733,2682067
26/4/16,1215.449951,1239.550049,1208.599976,1232.150024,1186.852661,2923372
27/4/16,1229.199951,1242.349976,1228.550049,1240.150024,1194.55835,2243104
28/4/16,1231,1239.599976,1207,1209.150024,1164.69812,6082584
29/4/16,1211.449951,1223.550049,1205,1208.099976,1163.686646,2518205
2/5/16,1210,1211.150024,1196.150024,1201.050049,1156.895874,1807625
3/5/16,1202.75,1212.199951,1171.800049,1177.800049,1134.50061,3412405
4/5/16,1181,1193,1170.650024,1188.849976,1145.144287,2906421
5/5/16,1195.150024,1199,1181.099976,1192.449951,1148.611938,3151334
6/5/16,1189.800049,1189.800049,1177.050049,1181.5,1138.064575,1298360
9/5/16,1182,1201.550049,1180.599976,1199.050049,1154.969482,2561839
10/5/16,1202.5,1216.650024,1196.599976,1212.800049,1168.213867,1697852
11/5/16,1198.5,1214.699951,1192.5,1201.849976,1157.666382,1854944
12/5/16,1203.900024,1213,1196.800049,1210,1165.516846,1703466
13/5/16,1206,1210,1192.150024,1207.25,1162.867798,2826032
16/5/16,1210.199951,1223.650024,1205,1215,1170.333008,2266939
17/5/16,1220,1225.75,1208.150024,1214.25,1169.610596,1898147
18/5/16,1199,1214,1197.900024,1209.849976,1165.372314,2128298
19/5/16,1210.949951,1216.150024,1201,1205.75,1161.423096,1977200
20/5/16,1205,1219.5,1200,1201.599976,1157.425659,1997274
23/5/16,1203.400024,1205.150024,1185,1188,1144.325562,2292973
24/5/16,1191.050049,1191.75,1177.599976,1187.75,1144.084839,1742530
25/5/16,1194.099976,1213.099976,1194.099976,1208.650024,1164.216431,1928698
26/5/16,1210.099976,1239.800049,1210.099976,1234.150024,1188.779053,3068218
27/5/16,1231.599976,1259.5,1231.599976,1247.5,1201.638184,3090382
30/5/16,1241.5,1272,1241.5,1267.599976,1220.999146,2642850
31/5/16,1265,1266.75,1239,1248.650024,1202.745972,6891019
1/6/16,1246.050049,1268.5,1246,1258.199951,1211.944824,2420267
2/6/16,1255,1274.900024,1254,1261.550049,1215.171753,2526776
3/6/16,1260.050049,1279.300049,1260.050049,1266.900024,1220.325073,1999190
6/6/16,1264.900024,1277,1261.099976,1266.75,1220.180542,2112884
7/6/16,1267,1272.5,1255.099976,1257.400024,1211.174316,2846210
8/6/16,1263.949951,1263.949951,1235.349976,1238.099976,1192.58374,4370685
9/6/16,1226.25,1226.25,1180.050049,1185.5,1155.213501,6370402
10/6/16,1175.400024,1190,1170.099976,1180.599976,1150.438721,3191978
13/6/16,1176.800049,1184.900024,1166,1180.900024,1150.731079,2643361
14/6/16,1182.400024,1182.400024,1167.25,1175,1144.981812,1470364
15/6/16,1183.699951,1192.650024,1179.050049,1189.949951,1159.549805,3355786
16/6/16,1189.5,1189.5,1170.099976,1186,1155.700684,2651282
17/6/16,1189,1192.75,1175.099976,1179.5,1149.366821,4257541
20/6/16,1181,1211.800049,1179.699951,1208.75,1177.869629,3114783
21/6/16,1211.199951,1214.800049,1195.650024,1206.099976,1175.287231,2380862
22/6/16,1204,1211.949951,1188.150024,1199.5,1168.855835,1515629
23/6/16,1197.300049,1214.849976,1193.349976,1211.599976,1180.646729,1914313
24/6/16,1188,1199,1160,1194.550049,1164.032349,3904174
27/6/16,1172.050049,1183.199951,1160,1166.199951,1136.406616,2791889
28/6/16,1162.800049,1172.5,1155.099976,1159.150024,1129.536743,3827987
29/6/16,1169,1179.900024,1160.199951,1176.849976,1146.784546,2729575
30/6/16,1180.5,1184.5,1167.949951,1170.800049,1140.88916,4673112
1/7/16,1180,1180,1170.099976,1172.400024,1142.448242,1995956
4/7/16,1176.199951,1194.599976,1176.199951,1183.949951,1153.703125,2690661
5/7/16,1185,1187.5,1171.050049,1175.449951,1145.420288,1798208
7/7/16,1175.449951,1175.449951,1155,1157.25,1127.685303,2977438
8/7/16,1163,1167,1153.5,1158.199951,1128.610962,2775824
11/7/16,1167.400024,1178.699951,1160,1175.050049,1145.030518,3334441
12/7/16,1180,1180.349976,1168,1176.550049,1146.49231,3098684
13/7/16,1180,1195.800049,1175.199951,1193.800049,1163.301514,2637710
14/7/16,1195,1196.050049,1164,1176.25,1146.199829,3706664
15/7/16,1189.5,1189.900024,1052,1072.550049,1045.14917,30742063
18/7/16,1077.25,1084.900024,1055.150024,1081.949951,1054.30896,7166412
19/7/16,1088.599976,1090,1074.099976,1086.949951,1059.181152,5202322
20/7/16,1070,1089.900024,1070,1083.099976,1055.429565,4911448
21/7/16,1079,1087.199951,1075.599976,1079.900024,1052.311279,4334001
22/7/16,1070,1079.900024,1066.699951,1072.449951,1045.051636,4693269
25/7/16,1063,1083.25,1063,1080.849976,1053.237061,4234776
26/7/16,1070.349976,1089.900024,1070.349976,1088.699951,1060.886475,3594805
27/7/16,1084.699951,1096.5,1078.550049,1085.349976,1057.622192,3715910
28/7/16,1085.400024,1086.949951,1074.050049,1077.5,1049.972656,5629281
29/7/16,1072.599976,1076.75,1066.5,1073.849976,1046.415894,4078392
1/8/16,1071.5,1087.849976,1068.349976,1085.25,1057.524658,4548331
2/8/16,1079.900024,1085,1075,1083.800049,1056.111694,3411251
3/8/16,1085.650024,1086.5,1070.300049,1084.900024,1057.183716,3606730
4/8/16,1086.400024,1086.900024,1070.050049,1071.800049,1044.418335,2118639
5/8/16,1072,1073.449951,1060,1068,1040.715454,2804984
8/8/16,1069,1081,1062.550049,1078.699951,1051.141968,2321532
9/8/16,1077,1084.5,1071.5,1083.400024,1055.721924,3596332
10/8/16,1076,1087.900024,1075.199951,1082.349976,1054.69873,2788227
11/8/16,1081.699951,1095,1075.25,1077.349976,1049.826416,2519276
12/8/16,1075.050049,1078.800049,1060,1062.550049,1035.404541,3724964
16/8/16,1062.550049,1062.550049,1028,1051.800049,1024.929321,8214704
17/8/16,1049.949951,1052.650024,1030.5,1033.300049,1006.901917,3299658
18/8/16,1036.5,1039.099976,1021.5,1023.400024,997.254761,4217000
19/8/16,1030,1039,1018.450012,1021.299988,995.208374,2843008
22/8/16,1018,1030,1009.099976,1015.450012,989.507874,5126759
23/8/16,1020.099976,1042,1020.099976,1039.650024,1013.089661,3703069
24/8/16,1047,1062.050049,1047,1057.400024,1030.38623,3064983
25/8/16,1055,1057.599976,1032.099976,1036.150024,1009.679016,2398281
26/8/16,1036,1046,1017.049988,1020.25,994.185242,3440527
29/8/16,1017.599976,1030,1011,1022.799988,996.670105,2610141
30/8/16,1032.449951,1045,1025,1040.400024,1013.820496,2187719
31/8/16,1037.099976,1045.75,1027.800049,1035.849976,1009.386658,5569907
1/9/16,1038,1040.449951,1032,1037.550049,1011.043396,1438913
2/9/16,1039.050049,1040,1026.199951,1031.849976,1005.488892,1666296
6/9/16,1031.849976,1048.900024,1031.849976,1045,1018.302979,4107522
7/9/16,1048,1059,1044,1054.349976,1027.414063,3712735
8/9/16,1045,1045,1024,1037.650024,1011.140747,4546387
9/9/16,1037,1041,1026.550049,1035.5,1009.045654,2526719
12/9/16,1025.25,1058,1025.25,1054,1027.07312,3101548
14/9/16,1054,1057.800049,1040.650024,1045.599976,1018.887634,2576209
15/9/16,1045.599976,1046.800049,1035.349976,1042.199951,1015.574402,2350861
16/9/16,1049,1064.5,1038.099976,1060.150024,1033.065918,4974692
19/9/16,1046,1068.900024,1041.349976,1061.199951,1034.089111,2904577
20/9/16,1053.300049,1057.150024,1045.75,1050.150024,1023.32135,2107002
21/9/16,1054,1061.25,1051.050049,1055.75,1028.77832,2115766
22/9/16,1059,1061,1052,1058.800049,1031.750366,1814757
23/9/16,1057,1058.800049,1040,1042.550049,1015.915588,2602647
26/9/16,1042.75,1044,1031,1035.900024,1009.435425,3185899
27/9/16,1035.050049,1049.900024,1033.349976,1039.75,1013.187012,3262830
28/9/16,1040,1042.300049,1033.25,1038.949951,1012.407471,2717354
29/9/16,1044.949951,1044.949951,1024,1029.199951,1002.906555,4451319
30/9/16,1031.099976,1043.900024,1031.099976,1036.050049,1009.581665,3251177
3/10/16,1035.5,1040,1026.099976,1038.099976,1011.579224,1828080
4/10/16,1040,1051.400024,1038.300049,1049.199951,1022.39563,2533293
5/10/16,1049.199951,1049.849976,1037,1041.5,1014.892334,1153787
6/10/16,1045,1045,1025.949951,1027.400024,1001.152649,1860941
7/10/16,1029.949951,1033.800049,1010.099976,1012.549988,986.682007,3144279
10/10/16,1017,1031.75,1010,1029.949951,1003.63739,2706585
13/10/16,1029.949951,1058,1021.400024,1052.349976,1025.465088,4889345
14/10/16,1052.900024,1082.699951,996.25,1027.150024,1000.908997,16730845
17/10/16,1034.949951,1041.800049,1017.349976,1022.400024,996.280334,4007429
18/10/16,1030,1040.5,1027.300049,1039.050049,1012.505005,3194067
19/10/16,1042,1045.699951,1036,1041.800049,1015.184753,1754918
20/10/16,1044.75,1050.699951,1033.800049,1036.650024,1010.166321,1767745
21/10/16,1035,1041,1022.5,1038.300049,1022.625366,1931810
24/10/16,1037.5,1042.699951,1025.5,1027.099976,1011.59436,1451487
25/10/16,1036.5,1038.900024,1015.200012,1017.200012,1001.843872,2818007
26/10/16,1017,1019.849976,1009.299988,1014.200012,998.88916,1387608
27/10/16,1017.900024,1017.950012,1001.099976,1003.5,988.350647,3613895
28/10/16,1005.200012,1010,993.150024,997.5,982.441284,2920353
1/11/16,997.5,1006.799988,986.400024,989.450012,974.512817,3166399
2/11/16,984.799988,987.5,980,981.049988,966.239563,2688597
3/11/16,981.049988,982,965.099976,966.849976,952.253967,2612554
4/11/16,967,979.200012,961,971,956.341309,3002774
7/11/16,985,986,975,977.950012,963.186401,2268836
8/11/16,986.900024,987.75,970.599976,982.599976,967.766174,2630554
9/11/16,930,974.599976,901,958.299988,943.833008,6382079
10/11/16,962.5,962.5,935,939.400024,925.218384,3643665
11/11/16,940,945,918.700012,921.549988,907.637817,3548391
15/11/16,921.549988,939.950012,908.549988,923.549988,909.607605,4617925
16/11/16,930,956.849976,928.549988,940.900024,926.69574,6111308
17/11/16,934.25,949,926.400024,929.799988,915.763306,2853365
18/11/16,930,933.25,917.5,920,906.111206,3020114
21/11/16,926.900024,926.900024,906.950012,911.099976,897.345581,3970284
22/11/16,916.900024,928.650024,911.650024,914.200012,900.398804,2741563
23/11/16,922.099976,922.900024,912.450012,920.25,906.357483,4125893
24/11/16,928.200012,939.900024,923.299988,930.299988,916.255737,8390322
25/11/16,930.450012,985,930.450012,977.5,962.743164,6315690
28/11/16,979.299988,983.450012,970.599976,979.75,964.959229,3682856
29/11/16,978.799988,984.700012,967.099976,972.599976,957.917114,3062753
30/11/16,973,977,961.049988,975.549988,960.822632,4250459
1/12/16,976,983.549988,967,975.599976,960.871826,2305795
2/12/16,964.799988,969.599976,961.099976,964.5,949.939453,2226614
5/12/16,965.900024,968.599976,958,961.650024,947.132507,1829788
6/12/16,961.799988,979.5,961.650024,966.5,951.909241,1781055
7/12/16,968,973,960.200012,966.400024,951.810791,1692990
8/12/16,970.049988,986.099976,970.049988,984.650024,969.785278,2970831
9/12/16,985,1008.150024,981.5,989.349976,974.414246,4324192
12/12/16,982.799988,982.799988,965.200012,977.349976,962.595398,2672510
13/12/16,980.5,992.849976,971.099976,990.200012,975.251465,2427141
14/12/16,991,1004.950012,984.099976,999.75,984.657288,2691307
15/12/16,997.400024,1018.950012,989,992.349976,977.368958,3983208
16/12/16,1003.799988,1009.700012,997.75,1005.150024,989.975769,3218371
19/12/16,1006.099976,1008.25,994.099976,1004.650024,989.483337,2062067
20/12/16,1002,1019,1001.299988,1012.150024,996.870117,3818249
21/12/16,1016,1022,998.25,1001.549988,986.430115,3671988
22/12/16,1002.5,1007,969.5,984.700012,969.834473,3530027
23/12/16,984.900024,1006.599976,973.599976,988.450012,973.527893,3653018
26/12/16,988,994,975.099976,982.75,967.91394,1606914
27/12/16,982.75,1001.900024,980,998.950012,983.869385,2456408
28/12/16,1002.950012,1009.799988,995,998.5,983.426147,2738408
29/12/16,1003.75,1008,988.150024,992.349976,977.368958,3120062
30/12/16,998,1012,992.75,1010.599976,995.343445,3633884
2/1/17,1011.099976,1012.950012,999.349976,1001.099976,985.986877,1167611
3/1/17,1004.099976,1004.900024,982,993.849976,978.846313,3389241
4/1/17,995.049988,1004.200012,992.25,997.75,982.6875,3536793
5/1/17,1001.599976,1009.5,988.75,996.150024,981.111633,4103537
6/1/17,994.900024,998.849976,968.049988,972.25,957.572449,7196724
9/1/17,972.25,976.950012,965,970.349976,955.701111,5272846
10/1/17,977,981,967.950012,970.549988,955.898071,5969927
11/1/17,974.200012,978.450012,963.950012,969.099976,954.469971,6120787
12/1/17,977.549988,1004.400024,977.549988,1000.049988,984.952759,5927870
13/1/17,1030,1040,962.700012,975.799988,961.068848,15638123
16/1/17,965,965.450012,952.450012,955.650024,941.223083,6175686
17/1/17,956.25,964,952.400024,955.400024,940.976868,2780047
18/1/17,958.099976,961,949.799988,950.799988,936.446228,2976481
19/1/17,951,959.599976,948.099976,958.099976,943.636047,4438240
20/1/17,950,953.150024,946,948.700012,934.377991,4562371
23/1/17,945,958,940,952.700012,938.317566,3974290
24/1/17,950,950,940.099976,945.549988,931.275513,3413005
25/1/17,946.099976,946.799988,934.799988,936.599976,922.460632,4989045
27/1/17,936.599976,947.549988,901.150024,942.150024,927.92688,5317569
30/1/17,937.5,951.5,928.849976,949.349976,935.018127,5684604
31/1/17,941.5,941.5,904.349976,928.599976,914.58136,12034267
1/2/17,921.099976,923.200012,905.150024,916.75,902.910278,5765891
2/2/17,917,945,910.099976,935.900024,921.77124,5914134
3/2/17,933.799988,940.900024,921.049988,936.099976,921.96814,4211979
6/2/17,937.25,943.75,930.549988,935.25,921.130981,3363967
7/2/17,933,949.799988,928.549988,942.25,928.02533,4634001
8/2/17,936,944.099976,932.450012,936.5,922.362122,3159981
9/2/17,937,950,936.549988,946,931.71875,5953633
10/2/17,946.25,972,943.299988,968.299988,953.682068,6126226
13/2/17,972.849976,986.099976,962.849976,984.349976,969.489746,6862134
14/2/17,980,989,972.349976,987.700012,972.789185,4669409
15/2/17,989.200012,998.799988,968.799988,981.799988,966.978271,3629743
16/2/17,991,1013.900024,990.049988,1012.099976,996.820801,6407929
17/2/17,1013.75,1013.75,992.700012,1000.099976,985.001953,2425604
20/2/17,996.5,1031,993.5,1010.25,994.998779,2325331
21/2/17,1022.099976,1024.5,1000.049988,1013.599976,998.298157,3806998
22/2/17,1015,1015,986.400024,990.150024,975.202209,3303919
23/2/17,998.900024,1020,993.349976,1008.849976,993.619873,4771328
27/2/17,1008.849976,1023,1006.950012,1012.400024,997.116333,2664348
28/2/17,1011.849976,1022.700012,1009.25,1012.400024,997.116333,2970066
1/3/17,1012,1027,1010.099976,1025.150024,1009.673889,2141224
2/3/17,1024.400024,1028,1016.5,1023.299988,1007.851746,1474249
3/3/17,1010.25,1034.300049,1000.400024,1031.199951,1015.632446,2700806
6/3/17,1020.049988,1035.949951,1019.700012,1033.900024,1018.291748,2643193
7/3/17,1022,1025.800049,1014.700012,1019.799988,1004.404602,2322248
8/3/17,1016.900024,1016.900024,1004.450012,1007.799988,992.585754,3089588
9/3/17,1007.799988,1013,999,1011.549988,996.279114,1740315
10/3/17,1015,1027.650024,1013.400024,1021.849976,1006.423645,2275162
14/3/17,1021.849976,1041.900024,1021.849976,1034.800049,1019.178223,3939198
15/3/17,1034.900024,1034.900024,1007.5,1011.950012,996.673096,3186989
16/3/17,1013.299988,1031.699951,1013.299988,1028.849976,1013.317932,3351478
17/3/17,1035.400024,1042.900024,1019.25,1040.300049,1024.595215,4753923
20/3/17,1026.550049,1026.550049,1015.099976,1021.5,1006.078918,2213694
21/3/17,1020.900024,1034.949951,1018.799988,1032.849976,1017.257568,2434792
22/3/17,1022.450012,1039.949951,1020.400024,1027.699951,1012.185303,1995426
23/3/17,1028.25,1043,1026.599976,1040.449951,1024.742798,2250831
24/3/17,1038,1044,1027.699951,1031.400024,1015.829529,2441948
27/3/17,1027.199951,1041.849976,1024.5,1028.849976,1013.317932,3842412
28/3/17,1031.5,1039,1030.050049,1035.150024,1019.522888,2398398
29/3/17,1034.300049,1041.5,1025.849976,1031.849976,1016.272644,3490593
30/3/17,1034,1035.900024,1020.25,1025.5,1010.018555,6078590
31/3/17,1023.25,1029.300049,1008,1022.25,1006.817627,7076927
3/4/17,1032.150024,1032.449951,1006.099976,1008.799988,993.570679,2157800
5/4/17,1008.799988,1008.799988,991,995.950012,980.914673,3699169
6/4/17,998.150024,1005.799988,992,999.599976,984.509521,2689504
7/4/17,1000.900024,1000.900024,979,981.549988,966.732056,3202254
10/4/17,984.900024,989.5,950.099976,953.400024,939.007019,4764236
11/4/17,956.049988,971.700012,956.049988,967.150024,952.549438,4327733
12/4/17,970,976.900024,960.349976,968.849976,954.223755,3348376
13/4/17,970,990,926.650024,931.400024,917.339172,15486594
17/4/17,931.400024,932.099976,923.5,924.900024,910.937256,3606717
18/4/17,924.75,934,919.099976,922.650024,908.721252,2323759
19/4/17,923,930,912.650024,919.200012,905.323303,5035851
20/4/17,921.5,929.700012,918.549988,927.299988,913.301025,2274500
21/4/17,934.799988,934.799988,921.099976,923.700012,909.755371,1788733
24/4/17,917.5,928.5,913,926.549988,912.562317,2778333
25/4/17,925.900024,933,920.549988,929.349976,915.320068,2368530
26/4/17,929.950012,935.549988,910.200012,914.25,900.448059,4542248
27/4/17,916,929,916,925.25,911.281982,3898604
28/4/17,926.849976,927.400024,915.599976,918.950012,905.077087,2514851
2/5/17,918.950012,926.400024,915.099976,922.599976,908.671936,1615563
3/5/17,926.5,939.099976,917.650024,934.299988,920.195313,2329724
4/5/17,937,939.650024,928.900024,937.650024,923.494812,2639903
5/5/17,936,937.349976,920,931.5,917.437622,2216394
8/5/17,938,948.549988,932,945.5,931.226257,2353549
9/5/17,950.599976,951.950012,942.099976,946.650024,932.358948,2824686
10/5/17,947.150024,950,937.150024,943.650024,929.404236,1682151
11/5/17,946.849976,949.849976,937.549988,944.099976,929.847412,1614741
12/5/17,953,966,951.450012,964.25,949.693237,5489998
15/5/17,963.5,963.5,949.099976,951.549988,937.184937,3648582
16/5/17,953.099976,960.150024,946.950012,955,940.582886,3065084
17/5/17,951.599976,958.450012,943.849976,952.799988,938.416077,1457754
18/5/17,943,973.900024,942.849976,961.75,947.230957,4028924
19/5/17,961.5,962.700012,947.849976,957.950012,943.488342,2128698
22/5/17,958.400024,966.900024,956.549988,961.450012,946.935486,2751526
23/5/17,964.650024,967,954.099976,957.299988,942.848145,2019991
24/5/17,960,965.5,949.599976,954.799988,940.385864,2818143
25/5/17,961,986.599976,961,983.299988,968.455627,5219257
26/5/17,987,1000,980.599976,995.700012,980.668457,2494002
29/5/17,990.900024,996.700012,975.700012,985.150024,970.27771,3154217
30/5/17,982,1000,978.650024,996.200012,981.160889,1858455
31/5/17,993.549988,993.549988,974.849976,977.049988,962.299988,3881950
1/6/17,969.299988,979.700012,958.549988,971.400024,971.400024,2754303
2/6/17,973.400024,975.450012,964.200012,969.450012,969.450012,1958983
5/6/17,970,972,957.049988,958.75,958.75,2731349
6/6/17,965,987.5,964.400024,979.349976,979.349976,3504343
7/6/17,985,988.900024,945,961.299988,961.299988,6227523
8/6/17,962.950012,962.950012,948.150024,956.450012,956.450012,3097676
9/6/17,938.549988,950.950012,923,948.599976,948.599976,7378831
12/6/17,943.349976,965.200012,940.099976,963.849976,963.849976,4295838
13/6/17,953.5,962.950012,951.599976,957.799988,957.799988,2468897
14/6/17,960,961.900024,951.200012,958.599976,958.599976,3719055
15/6/17,959.650024,967.950012,949.599976,952.099976,952.099976,2764031
16/6/17,949.099976,953.849976,936,940.25,940.25,5474225
19/6/17,939.950012,940.25,928,929.849976,929.849976,3427930
20/6/17,935,946.900024,934.049988,943.549988,943.549988,2592198
21/6/17,945,949,936.049988,943.349976,943.349976,1867932
22/6/17,947.700012,968.700012,935.099976,940.150024,940.150024,4732621
23/6/17,945,949.150024,938,943.25,943.25,3201509
27/6/17,943.25,948,923.75,927.049988,927.049988,3452330
28/6/17,932.799988,933,921,924.700012,924.700012,2952612
29/6/17,930.200012,947.950012,926.599976,930.200012,930.200012,7957020
30/6/17,930.799988,938,929,935.549988,935.549988,2108350
3/7/17,941.099976,955,934.599976,951.900024,951.900024,2544462
4/7/17,953.849976,970,949.400024,962.150024,962.150024,2583863
5/7/17,959,959,945.400024,950.900024,950.900024,2113114
6/7/17,945,957,944.200012,947,947,1914860
7/7/17,943.849976,945.450012,933.049988,935.400024,935.400024,2888443
10/7/17,943.200012,959.799988,940,957.049988,957.049988,732188
11/7/17,956.650024,989.5,956.650024,975.349976,975.349976,5769854
12/7/17,974.950012,981.5,968.75,972.349976,972.349976,3137988
13/7/17,977.25,983.450012,964.099976,977.049988,977.049988,2585196
14/7/17,999.450012,1006.849976,966.049988,972.049988,972.049988,11239090
17/7/17,975,992,974,984.049988,984.049988,3849125
18/7/17,986.049988,1004.799988,981.099976,985.599976,985.599976,4130090
19/7/17,981.450012,988.650024,969.099976,979.849976,979.849976,2945139
20/7/17,979.299988,979.849976,966.950012,969.450012,969.450012,3404870
21/7/17,973,982.549988,971.400024,980.099976,980.099976,2990377
24/7/17,983.5,994,982.599976,990.549988,990.549988,3064588
25/7/17,990,999,986.200012,993.849976,993.849976,3572807
26/7/17,998.099976,999,990.400024,994.049988,994.049988,3435012
27/7/17,996,1004,966.799988,971.049988,971.049988,6338426
28/7/17,976,1003,962.299988,997.349976,997.349976,5549214
31/7/17,991.900024,1021.700012,986.75,1011.200012,1011.200012,9579124
1/8/17,1011,1017,998.349976,1005.549988,1005.549988,3844699
2/8/17,1006,1012.75,987.200012,993.349976,993.349976,2128792
3/8/17,991,998.75,980.25,984,984,2320174
4/8/17,988,989,976.049988,983.75,983.75,2674509
7/8/17,983.5,983.75,965.700012,968.25,968.25,3036872
8/8/17,968.5,970.25,955.049988,963.849976,963.849976,3002324
9/8/17,967.650024,973.900024,964.549988,969.349976,969.349976,1961205
10/8/17,969.900024,987.5,969.349976,981.25,981.25,4570342
11/8/17,976,997,969.599976,987.700012,987.700012,3272078
14/8/17,988,989.200012,977.150024,981.450012,981.450012,1908235
16/8/17,981.450012,986.099976,969,975.200012,975.200012,3089040
17/8/17,1005,1029.25,998.049988,1020.849976,1020.849976,12892130
18/8/17,1017.900024,1017.900024,884.200012,923.25,923.25,82202480
21/8/17,924,924,870,873.400024,873.400024,45203588
22/8/17,895.200012,897.049988,860,875.400024,875.400024,24621299
23/8/17,880,903.700012,873.900024,892.799988,892.799988,30642095
24/8/17,910,918.25,902.349976,912.150024,912.150024,21190262
28/8/17,912.150024,953.950012,912.150024,941,941,20356054
29/8/17,941.450012,942,925.549988,927.450012,927.450012,6684696
30/8/17,937.200012,939,924.099976,926.650024,926.650024,8074832
31/8/17,928.799988,928.950012,912.900024,914.950012,914.950012,7511226
1/9/17,915.950012,925.900024,910,919.950012,919.950012,4216961
4/9/17,921,921.099976,893.5,900.200012,900.200012,5088554
5/9/17,902,905,897.25,901.900024,901.900024,4891696
6/9/17,900,900.299988,890,895.599976,895.599976,3867955
7/9/17,900,900.5,892.349976,895.75,895.75,3120596
8/9/17,899,899,882.099976,884.299988,884.299988,4302271
11/9/17,890.400024,891.799988,873.650024,878.700012,878.700012,6893821
12/9/17,882.549988,887.75,878.799988,884.049988,884.049988,8620677
13/9/17,885.5,887.599976,881,883.75,883.75,5739114
14/9/17,884.5,896.599976,881.599976,892.400024,892.400024,6849003
15/9/17,892.299988,913.25,892.200012,908.25,908.25,6729730
18/9/17,910,917.75,906.299988,909.099976,909.099976,4237930
19/9/17,908,916,903.5,912.25,912.25,3016665
20/9/17,917,917,907.450012,912.700012,912.700012,2883915
21/9/17,915,915.25,908.150024,909.549988,909.549988,4102076
22/9/17,908.150024,910.25,888,898.299988,898.299988,8802044